Test Name, Success%, Total, Success, AvgGain
BBANDS0.06/,0.7586,58,44,1.01304827586207
BBANDS0.05/,0.7317,41,30,0.996287804878049
BBANDS0.07/,0.7692,78,60,1.01527948717949
RSI60/MACD1/ADX20/,0.6923,13,9,1.02069230769231
RSI60/MACD1/ADX25/,0.625,16,10,1.011025
RSI60/MACD1/ADX30/,0.5882,17,10,1.00897647058824
RSI60/MACD1/ADX35/,0.6316,19,12,1.01924736842105
RSI60/MACD1/ADX40/,0.619,21,13,1.02187142857143
RSI60/MACD1/ADX45/,0.619,21,13,1.02187142857143
RSI60/MACD1/ADX50/,0.619,21,13,1.02187142857143
MACD1/ADX20/,0.6667,18,12,1.01695
MACD1/ADX25/,0.6154,26,16,1.00515769230769
MACD1/ADX30/,0.5714,35,20,1.01511428571429
MACD1/ADX35/,0.5745,47,27,1.01409574468085
MACD1/ADX40/,0.6038,53,32,1.01973396226415
MACD1/ADX45/,0.614,57,35,1.02054912280702
MACD1/ADX50/,0.6271,59,37,1.02187457627119
RSI60/MACD2/ADX20/,0.6111,18,11,1.01013888888889
RSI60/MACD2/ADX25/,0.5833,24,14,1.0034875
RSI60/MACD2/ADX30/,0.5455,33,18,1.0003303030303
RSI60/MACD2/ADX35/,0.5556,36,20,1.00533611111111
RSI60/MACD2/ADX40/,0.525,40,21,1.00464
RSI60/MACD2/ADX45/,0.5366,41,22,1.00494390243902
RSI60/MACD2/ADX50/,0.5349,43,23,1.00483255813953
RSI60/MACD1/,0.5714,56,32,1.01817142857143
MACD2/ADX20/,0.6333,30,19,1.01353333333333
MACD2/ADX25/,0.6538,52,34,1.00734807692308
MACD2/ADX30/,0.6184,76,47,1.00795921052632
MACD2/ADX35/,0.6162,99,61,1.00741616161616
MACD2/ADX40/,0.6364,121,77,1.01264380165289
MACD2/ADX45/,0.6484,128,83,1.0138125
MACD2/ADX50/,0.6541,133,87,1.01487744360902
MACD1/,0.6744,172,116,1.01358139534884
RSI60/MACD3/ADX20/,0.619,21,13,1.00931904761905
RSI60/MACD3/ADX25/,0.6452,31,20,1.01852258064516
RSI60/MACD3/ADX30/,0.6098,41,25,1.01320487804878
RSI60/MACD3/ADX35/,0.6042,48,29,1.01911875
RSI60/MACD3/ADX40/,0.5769,52,30,1.01752307692308
RSI60/MACD3/ADX45/,0.5849,53,31,1.01751509433962
RSI60/MACD3/ADX50/,0.5789,57,33,1.01694210526316
RSI60/MACD2/,0.569,58,33,1.01612068965517
MACD3/ADX20/,0.7,40,28,1.011655
MACD3/ADX25/,0.7164,67,48,1.01430895522388
MACD3/ADX30/,0.6737,95,64,1.01346526315789
MACD3/ADX35/,0.6557,122,80,1.01314426229508
MACD3/ADX40/,0.6644,149,99,1.01670469798658
MACD3/ADX45/,0.6792,159,108,1.01732578616352
MACD3/ADX50/,0.6802,172,117,1.01798023255814
MACD2/,0.6888,196,135,1.01453418367347
RSI60/ADX20/,0.6364,22,14,1.01125
RSI60/ADX25/,0.6765,34,23,1.0194
RSI60/ADX30/,0.6364,44,28,1.01424545454545
RSI60/ADX35/,0.6346,52,33,1.01971153846154
RSI60/ADX40/,0.6071,56,34,1.0181875
RSI60/ADX45/,0.6034,58,35,1.01701724137931
RSI60/ADX50/,0.5968,62,37,1.01652258064516
ADX20/,0.7,40,28,1.011655
ADX25/,0.7164,67,48,1.01430895522388
ADX30/,0.6737,95,64,1.01346526315789
ADX35/,0.6504,123,80,1.01267479674797
ADX40/,0.6623,151,100,1.01688145695364
ADX45/,0.6728,162,109,1.01717222222222
ADX50/,0.6705,176,118,1.01596988636364
RSI60/MACD3/,0.569,58,33,1.01612068965517
MACD3/,0.6915,201,139,1.01490199004975
RSI60/,0.6429,98,63,1.01312653061224
RSI45/MOM0/MACD3/BOP0.05/ADX35/,0.25,4,1,0.910925
RSI45/MOM0/MACD3/BOP0.05/ADX40/,0.25,4,1,0.910925
RSI45/MOM0/MACD3/BOP0.05/ADX45/,0.25,4,1,0.910925
RSI45/MOM0/MACD3/BOP0.05/ADX50/,0.25,4,1,0.910925
RSI45/MOM0/MACD3/BOP0.03/,0.4,5,2,0.92898
RSI45/MOM0/MACD3/BOP0.01/,0.4,5,2,0.92898
RSI45/MOM0/MACD3/BOP-0.01/,0.4,5,2,0.92898
RSI45/MOM0/MACD3/BOP-0.03/,0.4,5,2,0.92898
RSI45/MOM0/MACD3/BOP-0.05/,0.4,5,2,0.92898
RSI45/MOM0/MACD3/BOP-0.07/,0.4,5,2,0.92898
RSI45/MOM0/MACD2/,0.5,6,3,0.9454
RSI45/MOM0/MACD1/,0.5,6,3,0.9454
RSI45/MOM0/MACD0/,0.5,6,3,0.9454
RSI45/MOM0/MACD-1/,0.5,2,1,0.9863
RSI50/,0.7568,37,28,1.0099972972973
RSI55/,0.717,53,38,1.01900188679245
MOM0/MACD3/BOP0.05/ADX35/,0.5833,12,7,0.991933333333333
MOM0/MACD3/BOP0.05/ADX40/,0.7222,18,13,1.0212
MOM0/MACD3/BOP0.05/ADX45/,0.75,20,15,1.02252
MOM0/MACD3/BOP0.05/ADX50/,0.7619,21,16,1.02431904761905
MOM0/MACD3/BOP0.03/,0.775,40,31,1.0226125
MOM0/MACD3/BOP0.01/,0.775,40,31,1.0226125
MOM0/MACD3/BOP-0.01/,0.7632,38,29,1.02257894736842
MOM0/MACD3/BOP-0.03/,0.7568,37,28,1.02122432432432
MOM0/MACD3/BOP-0.05/,0.7429,35,26,1.02008285714286
MOM0/MACD3/BOP-0.07/,0.7429,35,26,1.02008285714286
MOM0/MACD2/,0.8,50,40,1.028778
MOM0/MACD1/,0.8085,47,38,1.02882765957447
MOM0/MACD0/,0.76,25,19,1.008824
MOM0/MACD-1/,0.6667,3,2,1.03933333333333
RSI45/MACD3/BOP0.05/ADX35/,0.3333,6,2,0.91835
RSI45/MACD3/BOP0.05/ADX40/,0.4286,7,3,0.931371428571429
RSI45/MACD3/BOP0.05/ADX45/,0.4286,7,3,0.931371428571429
RSI45/MACD3/BOP0.05/ADX50/,0.4286,7,3,0.931371428571429
RSI45/MACD3/BOP0.03/,0.4444,9,4,0.938755555555556
RSI45/MACD3/BOP0.01/,0.4444,9,4,0.938755555555556
RSI45/MACD3/BOP-0.01/,0.4444,9,4,0.938755555555556
RSI45/MACD3/BOP-0.03/,0.5,8,4,0.94705
RSI45/MACD3/BOP-0.05/,0.5,8,4,0.94705
RSI45/MACD3/BOP-0.07/,0.5,8,4,0.94705
RSI45/MACD2/,0.5833,12,7,0.963708333333333
RSI45/MACD1/,0.5833,12,7,0.963708333333333
RSI45/MACD0/,0.5833,12,7,0.963708333333333
RSI45/MACD-1/,0.6667,3,2,0.994033333333333
MACD3/BOP0.05/ADX35/,0.52,25,13,0.990272
MACD3/BOP0.05/ADX40/,0.6061,33,20,1.00646666666667
MACD3/BOP0.05/ADX45/,0.6286,35,22,1.00806285714286
MACD3/BOP0.05/ADX50/,0.6053,38,23,1.00508947368421
MACD3/BOP0.03/,0.679,81,55,1.00902592592593
MACD3/BOP0.01/,0.6753,77,52,1.00743246753247
MACD3/BOP-0.01/,0.6667,75,50,1.00701066666667
MACD3/BOP-0.03/,0.6667,69,46,1.0083884057971
MACD3/BOP-0.05/,0.6615,65,43,1.00803384615385
MACD3/BOP-0.07/,0.6615,65,43,1.00803384615385
MACD0/,0.7255,51,37,1.01249019607843
MACD-1/,0.75,4,3,1.031875
RSI45/MOM0/BOP0.05/ADX35/,0.25,4,1,0.910925
RSI45/MOM0/BOP0.05/ADX40/,0.25,4,1,0.910925
RSI45/MOM0/BOP0.05/ADX45/,0.25,4,1,0.910925
RSI45/MOM0/BOP0.05/ADX50/,0.25,4,1,0.910925
RSI45/MOM0/BOP0.03/,0.4,5,2,0.92898
RSI45/MOM0/BOP0.01/,0.4,5,2,0.92898
RSI45/MOM0/BOP-0.01/,0.4,5,2,0.92898
RSI45/MOM0/BOP-0.03/,0.4,5,2,0.92898
RSI45/MOM0/BOP-0.05/,0.4,5,2,0.92898
RSI45/MOM0/BOP-0.07/,0.4,5,2,0.92898
MOM0/BOP0.05/ADX35/,0.5833,12,7,0.991933333333333
MOM0/BOP0.05/ADX40/,0.7222,18,13,1.0212
MOM0/BOP0.05/ADX45/,0.75,20,15,1.02252
MOM0/BOP0.05/ADX50/,0.7619,21,16,1.02431904761905
MOM0/BOP0.03/,0.775,40,31,1.0226125
MOM0/BOP0.01/,0.775,40,31,1.0226125
MOM0/BOP-0.01/,0.7632,38,29,1.02257894736842
MOM0/BOP-0.03/,0.7568,37,28,1.02122432432432
MOM0/BOP-0.05/,0.7429,35,26,1.02008285714286
MOM0/BOP-0.07/,0.7429,35,26,1.02008285714286
RSI45/BOP0.05/ADX35/,0.3333,6,2,0.91835
RSI45/BOP0.05/ADX40/,0.4286,7,3,0.931371428571429
RSI45/BOP0.05/ADX45/,0.4286,7,3,0.931371428571429
RSI45/BOP0.05/ADX50/,0.4286,7,3,0.931371428571429
RSI45/BOP0.03/,0.4444,9,4,0.938755555555556
RSI45/BOP0.01/,0.4444,9,4,0.938755555555556
RSI45/BOP-0.01/,0.4444,9,4,0.938755555555556
RSI45/BOP-0.03/,0.5,8,4,0.94705
RSI45/BOP-0.05/,0.5,8,4,0.94705
RSI45/BOP-0.07/,0.5,8,4,0.94705
BOP0.05/ADX35/,0.52,25,13,0.990272
BOP0.05/ADX40/,0.6061,33,20,1.00646666666667
BOP0.05/ADX45/,0.6286,35,22,1.00806285714286
BOP0.05/ADX50/,0.6053,38,23,1.00508947368421
BOP0.03/,0.679,81,55,1.00902592592593
BOP0.01/,0.6753,77,52,1.00743246753247
BOP-0.01/,0.6667,75,50,1.00701066666667
BOP-0.03/,0.6667,69,46,1.0083884057971
BOP-0.05/,0.6615,65,43,1.00803384615385
BOP-0.07/,0.6615,65,43,1.00803384615385
RSI45/MOM0/MACD2/ADX35/,0.4,5,2,0.93424
RSI45/MOM0/MACD2/ADX40/,0.4,5,2,0.93424
RSI45/MOM0/MACD2/ADX45/,0.4,5,2,0.93424
RSI45/MOM0/MACD2/ADX50/,0.4,5,2,0.93424
MOM0/MACD2/ADX35/,0.7368,19,14,1.02134210526316
MOM0/MACD2/ADX40/,0.7778,27,21,1.03233703703704
MOM0/MACD2/ADX45/,0.7931,29,23,1.03247931034483
MOM0/MACD2/ADX50/,0.8,30,24,1.03340666666667
RSI45/MACD2/ADX35/,0.5556,9,5,0.958422222222222
RSI45/MACD2/ADX40/,0.6,10,6,0.96353
RSI45/MACD2/ADX45/,0.6,10,6,0.96353
RSI45/MACD2/ADX50/,0.6,10,6,0.96353
RSI50/ADX35/,0.8,20,16,1.003855
RSI50/ADX40/,0.7826,23,18,1.00170434782609
RSI50/ADX45/,0.76,25,19,0.999464
RSI50/ADX50/,0.76,25,19,0.999464
RSI45/MOM0/MACD3/BOP0.07/ADX35/,0.4,5,2,0.92898
RSI45/MOM0/MACD3/BOP0.07/ADX40/,0.4,5,2,0.92898
RSI45/MOM0/MACD3/BOP0.07/ADX45/,0.4,5,2,0.92898
RSI45/MOM0/MACD3/BOP0.07/ADX50/,0.4,5,2,0.92898
RSI45/MOM0/MACD3/BOP0.05/,0.4,5,2,0.92898
MOM0/MACD3/BOP0.07/ADX35/,0.7619,21,16,1.00841904761905
MOM0/MACD3/BOP0.07/ADX40/,0.8,30,24,1.02136666666667
MOM0/MACD3/BOP0.07/ADX45/,0.8182,33,27,1.02280909090909
MOM0/MACD3/BOP0.07/ADX50/,0.8108,37,30,1.02544594594595
MOM0/MACD3/BOP0.05/,0.7805,41,32,1.02310731707317
RSI45/MACD3/BOP0.07/ADX35/,0.375,8,3,0.9299125
RSI45/MACD3/BOP0.07/ADX40/,0.4444,9,4,0.938755555555556
RSI45/MACD3/BOP0.07/ADX45/,0.4444,9,4,0.938755555555556
RSI45/MACD3/BOP0.07/ADX50/,0.4444,9,4,0.938755555555556
RSI45/MACD3/BOP0.05/,0.4444,9,4,0.938755555555556
MACD3/BOP0.07/ADX35/,0.6735,49,33,1.01311020408163
MACD3/BOP0.07/ADX40/,0.6935,62,43,1.01917258064516
MACD3/BOP0.07/ADX45/,0.7164,67,48,1.01918208955224
MACD3/BOP0.07/ADX50/,0.6933,75,52,1.017556
MACD3/BOP0.05/,0.6667,84,56,1.00844761904762
RSI45/MOM0/BOP0.07/ADX35/,0.4,5,2,0.92898
RSI45/MOM0/BOP0.07/ADX40/,0.4,5,2,0.92898
RSI45/MOM0/BOP0.07/ADX45/,0.4,5,2,0.92898
RSI45/MOM0/BOP0.07/ADX50/,0.4,5,2,0.92898
RSI45/MOM0/BOP0.05/,0.4,5,2,0.92898
MOM0/BOP0.07/ADX35/,0.7619,21,16,1.00841904761905
MOM0/BOP0.07/ADX40/,0.8,30,24,1.02136666666667
MOM0/BOP0.07/ADX45/,0.8182,33,27,1.02280909090909
MOM0/BOP0.07/ADX50/,0.8108,37,30,1.02544594594595
MOM0/BOP0.05/,0.7805,41,32,1.02310731707317
RSI45/BOP0.07/ADX35/,0.375,8,3,0.9299125
RSI45/BOP0.07/ADX40/,0.4444,9,4,0.938755555555556
RSI45/BOP0.07/ADX45/,0.4444,9,4,0.938755555555556
RSI45/BOP0.07/ADX50/,0.4444,9,4,0.938755555555556
RSI45/BOP0.05/,0.4444,9,4,0.938755555555556
BOP0.07/ADX35/,0.6735,49,33,1.01311020408163
BOP0.07/ADX40/,0.6935,62,43,1.01917258064516
BOP0.07/ADX45/,0.7164,67,48,1.01918208955224
BOP0.07/ADX50/,0.6933,75,52,1.017556
BOP0.05/,0.6667,84,56,1.00844761904762
RSI45/MOM0/MACD3/ADX35/,0.5,6,3,0.9454
RSI45/MOM0/MACD3/ADX40/,0.5,6,3,0.9454
RSI45/MOM0/MACD3/ADX45/,0.5,6,3,0.9454
RSI45/MOM0/MACD3/ADX50/,0.5,6,3,0.9454
MOM0/MACD3/ADX35/,0.8214,28,23,1.02425357142857
MOM0/MACD3/ADX40/,0.8205,39,32,1.02903846153846
MOM0/MACD3/ADX45/,0.8333,42,35,1.02962380952381
MOM0/MACD3/ADX50/,0.8261,46,38,1.03115217391304
RSI45/MACD3/ADX35/,0.5455,11,6,0.959545454545454
RSI45/MACD3/ADX40/,0.5833,12,7,0.963708333333333
RSI45/MACD3/ADX45/,0.5833,12,7,0.963708333333333
RSI45/MACD3/ADX50/,0.5833,12,7,0.963708333333333
RSI45/MOM0/ADX35/,0.5,6,3,0.9454
RSI45/MOM0/ADX40/,0.5,6,3,0.9454
RSI45/MOM0/ADX45/,0.5,6,3,0.9454
RSI45/MOM0/ADX50/,0.5,6,3,0.9454
MOM0/ADX35/,0.8214,28,23,1.02425357142857
MOM0/ADX40/,0.8205,39,32,1.02903846153846
MOM0/ADX45/,0.8333,42,35,1.02962380952381
MOM0/ADX50/,0.8261,46,38,1.03115217391304
RSI45/ADX35/,0.5714,14,8,0.966471428571429
RSI45/ADX40/,0.6471,17,11,0.989582352941176
RSI45/ADX45/,0.6471,17,11,0.989582352941176
RSI45/ADX50/,0.6471,17,11,0.989582352941176
RSI45/MOM0/MACD3/BOP0.07/,0.4,5,2,0.92898
MOM0/MACD3/BOP0.07/,0.7805,41,32,1.02310731707317
RSI45/MACD3/BOP0.07/,0.4444,9,4,0.938755555555556
MACD3/BOP0.07/,0.6744,86,58,1.00860465116279
RSI45/MOM0/BOP0.07/,0.4,5,2,0.92898
MOM0/BOP0.07/,0.7805,41,32,1.02310731707317
RSI45/BOP0.07/,0.4444,9,4,0.938755555555556
BOP0.07/,0.6744,86,58,1.00860465116279
RSI45/MOM0/MACD3/,0.5,6,3,0.9454
MOM0/MACD3/,0.8,50,40,1.028778
RSI45/MACD3/,0.5833,12,7,0.963708333333333
RSI45/MOM0/,0.5,6,3,0.9454
MOM0/,0.8,50,40,1.028778
RSI45/,0.6667,21,14,1.00013333333333
MACD2/BBANDS0.07/ADX35/,0.7391,23,17,1.00835652173913
MACD2/BBANDS0.07/ADX40/,0.7037,27,19,1.00538888888889
MACD2/BBANDS0.07/ADX45/,0.7143,28,20,1.00676428571429
MACD2/BBANDS0.07/ADX50/,0.7241,29,21,1.00950689655172
MACD2/BBANDS0.06/,0.7826,23,18,1.02235217391304
MACD2/BBANDS0.05/,0.6923,13,9,1.00633076923077
MACD3/BBANDS0.07/ADX35/,0.7826,46,36,1.02307826086956
MACD3/BBANDS0.07/ADX40/,0.7455,55,41,1.02008363636364
MACD3/BBANDS0.07/ADX45/,0.7627,59,45,1.01993559322034
MACD3/BBANDS0.07/ADX50/,0.7576,66,50,1.02171666666667
MACD3/BBANDS0.06/,0.7719,57,44,1.01367719298246
MACD3/BBANDS0.05/,0.75,40,30,0.996765
BBANDS0.07/ADX35/,0.7826,46,36,1.02307826086956
BBANDS0.07/ADX40/,0.7455,55,41,1.02008363636364
BBANDS0.07/ADX45/,0.7627,59,45,1.01993559322034
BBANDS0.07/ADX50/,0.7576,66,50,1.02171666666667
MACD2/BBANDS0.07/,0.7647,34,26,1.01317352941176
MACD3/BBANDS0.07/,0.7792,77,60,1.01577402597403
RSI50/MOM0/MACD3/BOP0.07/BBANDS0.07/ADX20/,1,3,3,1.02436666666667
RSI50/MOM0/MACD3/BOP0.07/BBANDS0.07/ADX25/,1,4,4,1.02805
RSI50/MOM0/MACD3/BOP0.07/BBANDS0.07/ADX30/,1,4,4,1.02805
RSI50/MOM0/MACD3/BOP0.07/BBANDS0.07/ADX35/,1,4,4,1.02805
RSI50/MOM0/MACD3/BOP0.07/BBANDS0.07/ADX40/,0.8,5,4,1.01572
RSI50/MOM0/MACD3/BOP0.07/BBANDS0.07/ADX45/,0.8,5,4,1.01572
RSI50/MOM0/MACD3/BOP0.07/BBANDS0.07/ADX50/,0.8,5,4,1.01572
RSI50/MOM0/MACD3/BOP0.07/BBANDS0.06/,0.8,5,4,1.01572
RSI50/MOM0/MACD3/BOP0.07/BBANDS0.05/,0.8,5,4,1.01572
RSI50/MOM0/MACD3/BOP0.07/BBANDS0.04/,1,4,4,1.02805
RSI50/MOM0/MACD3/BOP0.05/,0.9,10,9,1.03191
RSI50/MOM0/MACD3/BOP0.03/,0.9,10,9,1.03191
RSI50/MOM0/MACD3/BOP0.01/,0.9,10,9,1.03191
RSI50/MOM0/MACD2/,0.9091,11,10,1.02757272727273
RSI50/MOM0/MACD1/,0.9091,11,10,1.02757272727273
RSI50/MOM0/MACD0/,0.9,10,9,1.02306
MOM0/MACD3/BOP0.07/BBANDS0.07/ADX20/,1,5,5,1.01154
MOM0/MACD3/BOP0.07/BBANDS0.07/ADX25/,1,7,7,1.03091428571429
MOM0/MACD3/BOP0.07/BBANDS0.07/ADX30/,1,8,8,1.0344375
MOM0/MACD3/BOP0.07/BBANDS0.07/ADX35/,1,9,9,1.0304
MOM0/MACD3/BOP0.07/BBANDS0.07/ADX40/,0.9167,12,11,1.02161666666667
MOM0/MACD3/BOP0.07/BBANDS0.07/ADX45/,0.9231,13,12,1.02325384615385
MOM0/MACD3/BOP0.07/BBANDS0.07/ADX50/,0.875,16,14,1.026925
MOM0/MACD3/BOP0.07/BBANDS0.06/,0.8667,15,13,1.02653333333333
MOM0/MACD3/BOP0.07/BBANDS0.05/,0.8571,14,12,1.01988571428571
MOM0/MACD3/BOP0.07/BBANDS0.04/,1,10,10,1.02974
RSI50/MACD3/BOP0.07/BBANDS0.07/ADX20/,1,4,4,1.016775
RSI50/MACD3/BOP0.07/BBANDS0.07/ADX25/,1,5,5,1.02124
RSI50/MACD3/BOP0.07/BBANDS0.07/ADX30/,1,6,6,1.02946666666667
RSI50/MACD3/BOP0.07/BBANDS0.07/ADX35/,1,6,6,1.02946666666667
RSI50/MACD3/BOP0.07/BBANDS0.07/ADX40/,0.8571,7,6,1.02045714285714
RSI50/MACD3/BOP0.07/BBANDS0.07/ADX45/,0.875,8,7,1.0174
RSI50/MACD3/BOP0.07/BBANDS0.07/ADX50/,0.875,8,7,1.0174
RSI50/MACD3/BOP0.07/BBANDS0.06/,0.875,8,7,1.0174
RSI50/MACD3/BOP0.07/BBANDS0.05/,0.875,8,7,1.0174
RSI50/MACD3/BOP0.07/BBANDS0.04/,1,5,5,1.02164
RSI50/MACD3/BOP0.05/,0.9333,15,14,1.02554666666667
RSI50/MACD3/BOP0.03/,0.9333,15,14,1.02554666666667
RSI50/MACD3/BOP0.01/,0.9333,15,14,1.02554666666667
RSI50/MACD2/,0.9,20,18,1.02294
RSI50/MACD1/,0.9,20,18,1.02294
RSI50/MACD0/,0.9375,16,15,1.01951875
MACD3/BOP0.07/BBANDS0.07/ADX20/,0.9,10,9,1.00602
MACD3/BOP0.07/BBANDS0.07/ADX25/,0.9333,15,14,1.03844
MACD3/BOP0.07/BBANDS0.07/ADX30/,0.8947,19,17,1.03548947368421
MACD3/BOP0.07/BBANDS0.07/ADX35/,0.8261,23,19,1.0378
MACD3/BOP0.07/BBANDS0.07/ADX40/,0.7857,28,22,1.03425357142857
MACD3/BOP0.07/BBANDS0.07/ADX45/,0.8065,31,25,1.03183225806452
MACD3/BOP0.07/BBANDS0.07/ADX50/,0.7778,36,28,1.03075277777778
MACD3/BOP0.07/BBANDS0.06/,0.75,32,24,1.0033
MACD3/BOP0.07/BBANDS0.05/,0.76,25,19,0.985136
MACD3/BOP0.07/BBANDS0.04/,0.8667,15,13,0.974373333333333
RSI50/MOM0/BOP0.07/BBANDS0.07/ADX20/,1,3,3,1.02436666666667
RSI50/MOM0/BOP0.07/BBANDS0.07/ADX25/,1,4,4,1.02805
RSI50/MOM0/BOP0.07/BBANDS0.07/ADX30/,1,4,4,1.02805
RSI50/MOM0/BOP0.07/BBANDS0.07/ADX35/,1,4,4,1.02805
RSI50/MOM0/BOP0.07/BBANDS0.07/ADX40/,0.8,5,4,1.01572
RSI50/MOM0/BOP0.07/BBANDS0.07/ADX45/,0.8,5,4,1.01572
RSI50/MOM0/BOP0.07/BBANDS0.07/ADX50/,0.8,5,4,1.01572
RSI50/MOM0/BOP0.07/BBANDS0.06/,0.8,5,4,1.01572
RSI50/MOM0/BOP0.07/BBANDS0.05/,0.8,5,4,1.01572
RSI50/MOM0/BOP0.07/BBANDS0.04/,1,4,4,1.02805
RSI50/MOM0/BOP0.05/,0.9,10,9,1.03191
RSI50/MOM0/BOP0.03/,0.9,10,9,1.03191
RSI50/MOM0/BOP0.01/,0.9,10,9,1.03191
MOM0/BOP0.07/BBANDS0.07/ADX20/,1,5,5,1.01154
MOM0/BOP0.07/BBANDS0.07/ADX25/,1,7,7,1.03091428571429
MOM0/BOP0.07/BBANDS0.07/ADX30/,1,8,8,1.0344375
MOM0/BOP0.07/BBANDS0.07/ADX35/,1,9,9,1.0304
MOM0/BOP0.07/BBANDS0.07/ADX40/,0.9167,12,11,1.02161666666667
MOM0/BOP0.07/BBANDS0.07/ADX45/,0.9231,13,12,1.02325384615385
MOM0/BOP0.07/BBANDS0.07/ADX50/,0.875,16,14,1.026925
MOM0/BOP0.07/BBANDS0.06/,0.8667,15,13,1.02653333333333
MOM0/BOP0.07/BBANDS0.05/,0.8571,14,12,1.01988571428571
MOM0/BOP0.07/BBANDS0.04/,1,10,10,1.02974
RSI50/BOP0.07/BBANDS0.07/ADX20/,1,4,4,1.016775
RSI50/BOP0.07/BBANDS0.07/ADX25/,1,5,5,1.02124
RSI50/BOP0.07/BBANDS0.07/ADX30/,1,6,6,1.02946666666667
RSI50/BOP0.07/BBANDS0.07/ADX35/,1,6,6,1.02946666666667
RSI50/BOP0.07/BBANDS0.07/ADX40/,0.8571,7,6,1.02045714285714
RSI50/BOP0.07/BBANDS0.07/ADX45/,0.875,8,7,1.0174
RSI50/BOP0.07/BBANDS0.07/ADX50/,0.875,8,7,1.0174
RSI50/BOP0.07/BBANDS0.06/,0.875,8,7,1.0174
RSI50/BOP0.07/BBANDS0.05/,0.875,8,7,1.0174
RSI50/BOP0.07/BBANDS0.04/,1,5,5,1.02164
RSI50/BOP0.05/,0.9333,15,14,1.02554666666667
RSI50/BOP0.03/,0.9333,15,14,1.02554666666667
RSI50/BOP0.01/,0.9333,15,14,1.02554666666667
BOP0.07/BBANDS0.07/ADX20/,0.9,10,9,1.00602
BOP0.07/BBANDS0.07/ADX25/,0.9333,15,14,1.03844
BOP0.07/BBANDS0.07/ADX30/,0.8947,19,17,1.03548947368421
BOP0.07/BBANDS0.07/ADX35/,0.8261,23,19,1.0378
BOP0.07/BBANDS0.07/ADX40/,0.7857,28,22,1.03425357142857
BOP0.07/BBANDS0.07/ADX45/,0.8065,31,25,1.03183225806452
BOP0.07/BBANDS0.07/ADX50/,0.7778,36,28,1.03075277777778
BOP0.07/BBANDS0.06/,0.75,32,24,1.0033
BOP0.07/BBANDS0.05/,0.76,25,19,0.985136
BOP0.07/BBANDS0.04/,0.8667,15,13,0.974373333333333
RSI50/MOM0/MACD3/BBANDS0.07/ADX20/,1,3,3,1.02436666666667
RSI50/MOM0/MACD3/BBANDS0.07/ADX25/,1,4,4,1.02805
RSI50/MOM0/MACD3/BBANDS0.07/ADX30/,1,4,4,1.02805
RSI50/MOM0/MACD3/BBANDS0.07/ADX35/,1,4,4,1.02805
RSI50/MOM0/MACD3/BBANDS0.07/ADX40/,0.8,5,4,1.01572
RSI50/MOM0/MACD3/BBANDS0.07/ADX45/,0.8,5,4,1.01572
RSI50/MOM0/MACD3/BBANDS0.07/ADX50/,0.8,5,4,1.01572
RSI50/MOM0/MACD3/BBANDS0.06/,0.8,5,4,1.01572
RSI50/MOM0/MACD3/BBANDS0.05/,0.8,5,4,1.01572
RSI50/MOM0/MACD3/BBANDS0.04/,1,4,4,1.02805
MOM0/MACD3/BBANDS0.07/ADX20/,1,5,5,1.01154
MOM0/MACD3/BBANDS0.07/ADX25/,1,8,8,1.02765
MOM0/MACD3/BBANDS0.07/ADX30/,1,11,11,1.03226363636364
MOM0/MACD3/BBANDS0.07/ADX35/,1,12,12,1.02941666666667
MOM0/MACD3/BBANDS0.07/ADX40/,0.8824,17,15,1.01929411764706
MOM0/MACD3/BBANDS0.07/ADX45/,0.8889,18,16,1.02060555555556
MOM0/MACD3/BBANDS0.07/ADX50/,0.8571,21,18,1.02378095238095
MOM0/MACD3/BBANDS0.06/,0.85,20,17,1.02333
MOM0/MACD3/BBANDS0.05/,0.8235,17,14,1.01761176470588
MOM0/MACD3/BBANDS0.04/,0.9167,12,11,1.02480833333333
RSI50/MACD3/BBANDS0.07/ADX20/,1,4,4,1.016775
RSI50/MACD3/BBANDS0.07/ADX25/,1,6,6,1.02416666666667
RSI50/MACD3/BBANDS0.07/ADX30/,1,7,7,1.0308
RSI50/MACD3/BBANDS0.07/ADX35/,1,7,7,1.0308
RSI50/MACD3/BBANDS0.07/ADX40/,0.875,8,7,1.02275
RSI50/MACD3/BBANDS0.07/ADX45/,0.8889,9,8,1.01977777777778
RSI50/MACD3/BBANDS0.07/ADX50/,0.8889,9,8,1.01977777777778
RSI50/MACD3/BBANDS0.06/,0.8889,9,8,1.01977777777778
RSI50/MACD3/BBANDS0.05/,0.875,8,7,1.0174
RSI50/MACD3/BBANDS0.04/,1,5,5,1.02164
MACD3/BBANDS0.07/ADX20/,0.7333,15,11,0.996966666666667
MACD3/BBANDS0.07/ADX25/,0.8519,27,23,1.02405185185185
MACD3/BBANDS0.07/ADX30/,0.7895,38,30,1.01946842105263
MACD3/BBANDS0.04/,0.8182,22,18,0.990231818181818
RSI50/MOM0/BBANDS0.07/ADX20/,1,3,3,1.02436666666667
RSI50/MOM0/BBANDS0.07/ADX25/,1,4,4,1.02805
RSI50/MOM0/BBANDS0.07/ADX30/,1,4,4,1.02805
RSI50/MOM0/BBANDS0.07/ADX35/,1,4,4,1.02805
RSI50/MOM0/BBANDS0.07/ADX40/,0.8,5,4,1.01572
RSI50/MOM0/BBANDS0.07/ADX45/,0.8,5,4,1.01572
RSI50/MOM0/BBANDS0.07/ADX50/,0.8,5,4,1.01572
RSI50/MOM0/BBANDS0.06/,0.8,5,4,1.01572
RSI50/MOM0/BBANDS0.05/,0.8,5,4,1.01572
RSI50/MOM0/BBANDS0.04/,1,4,4,1.02805
MOM0/BBANDS0.07/ADX20/,1,5,5,1.01154
MOM0/BBANDS0.07/ADX25/,1,8,8,1.02765
MOM0/BBANDS0.07/ADX30/,1,11,11,1.03226363636364
MOM0/BBANDS0.07/ADX35/,1,12,12,1.02941666666667
MOM0/BBANDS0.07/ADX40/,0.8824,17,15,1.01929411764706
MOM0/BBANDS0.07/ADX45/,0.8889,18,16,1.02060555555556
MOM0/BBANDS0.07/ADX50/,0.8571,21,18,1.02378095238095
MOM0/BBANDS0.06/,0.85,20,17,1.02333
MOM0/BBANDS0.05/,0.8235,17,14,1.01761176470588
MOM0/BBANDS0.04/,0.9167,12,11,1.02480833333333
RSI50/BBANDS0.07/ADX20/,1,4,4,1.016775
RSI50/BBANDS0.07/ADX25/,1,6,6,1.02416666666667
RSI50/BBANDS0.07/ADX30/,1,7,7,1.0308
RSI50/BBANDS0.07/ADX35/,1,7,7,1.0308
RSI50/BBANDS0.07/ADX40/,0.875,8,7,1.02275
RSI50/BBANDS0.07/ADX45/,0.8889,9,8,1.01977777777778
RSI50/BBANDS0.07/ADX50/,0.8889,9,8,1.01977777777778
RSI50/BBANDS0.06/,0.8889,9,8,1.01977777777778
RSI50/BBANDS0.05/,0.875,8,7,1.0174
RSI50/BBANDS0.04/,1,5,5,1.02164
BBANDS0.07/ADX20/,0.7333,15,11,0.996966666666667
BBANDS0.07/ADX25/,0.8519,27,23,1.02405185185185
BBANDS0.07/ADX30/,0.7895,38,30,1.01946842105263
BBANDS0.04/,0.8182,22,18,0.990231818181818
RSI50/MOM0/MACD3/BOP0.07/ADX20/,1,4,4,1.049775
RSI50/MOM0/MACD3/BOP0.07/ADX25/,1,6,6,1.04633333333333
RSI50/MOM0/MACD3/BOP0.07/ADX30/,1,7,7,1.0501
RSI50/MOM0/MACD3/BOP0.07/ADX35/,1,7,7,1.0501
RSI50/MOM0/MACD3/BOP0.07/ADX40/,0.8889,9,8,1.0337
RSI50/MOM0/MACD3/BOP0.07/ADX45/,0.8889,9,8,1.0337
RSI50/MOM0/MACD3/BOP0.07/ADX50/,0.8889,9,8,1.0337
MOM0/MACD3/BOP0.07/ADX20/,1,7,7,1.02694285714286
MOM0/MACD3/BOP0.07/ADX25/,0.8333,12,10,1.022775
MOM0/MACD3/BOP0.07/ADX30/,0.7647,17,13,1.01083529411765
RSI50/MACD3/BOP0.07/ADX20/,1,5,5,1.03862
RSI50/MACD3/BOP0.07/ADX25/,1,8,8,1.03325
RSI50/MACD3/BOP0.07/ADX30/,1,10,10,1.04093
RSI50/MACD3/BOP0.07/ADX35/,1,10,10,1.04093
RSI50/MACD3/BOP0.07/ADX40/,0.9231,13,12,1.02856923076923
RSI50/MACD3/BOP0.07/ADX45/,0.9286,14,13,1.02624285714286
RSI50/MACD3/BOP0.07/ADX50/,0.9286,14,13,1.02624285714286
MACD3/BOP0.07/ADX20/,0.8125,16,13,1.01460625
MACD3/BOP0.07/ADX25/,0.7857,28,22,1.02566785714286
MACD3/BOP0.07/ADX30/,0.7436,39,29,1.01706153846154
RSI50/MOM0/BOP0.07/ADX20/,1,4,4,1.049775
RSI50/MOM0/BOP0.07/ADX25/,1,6,6,1.04633333333333
RSI50/MOM0/BOP0.07/ADX30/,1,7,7,1.0501
RSI50/MOM0/BOP0.07/ADX35/,1,7,7,1.0501
RSI50/MOM0/BOP0.07/ADX40/,0.8889,9,8,1.0337
RSI50/MOM0/BOP0.07/ADX45/,0.8889,9,8,1.0337
RSI50/MOM0/BOP0.07/ADX50/,0.8889,9,8,1.0337
MOM0/BOP0.07/ADX20/,1,7,7,1.02694285714286
MOM0/BOP0.07/ADX25/,0.8333,12,10,1.022775
MOM0/BOP0.07/ADX30/,0.7647,17,13,1.01083529411765
RSI50/BOP0.07/ADX20/,1,5,5,1.03862
RSI50/BOP0.07/ADX25/,1,8,8,1.03325
RSI50/BOP0.07/ADX30/,1,10,10,1.04093
RSI50/BOP0.07/ADX35/,1,10,10,1.04093
RSI50/BOP0.07/ADX40/,0.9231,13,12,1.02856923076923
RSI50/BOP0.07/ADX45/,0.9286,14,13,1.02624285714286
RSI50/BOP0.07/ADX50/,0.9286,14,13,1.02624285714286
BOP0.07/ADX20/,0.8125,16,13,1.01460625
BOP0.07/ADX25/,0.7857,28,22,1.02566785714286
BOP0.07/ADX30/,0.7436,39,29,1.01706153846154
RSI50/MOM0/MACD3/ADX20/,1,4,4,1.049775
RSI50/MOM0/MACD3/ADX25/,1,7,7,1.03745714285714
RSI50/MOM0/MACD3/ADX30/,1,8,8,1.0418625
RSI50/MOM0/MACD3/ADX35/,1,8,8,1.0418625
RSI50/MOM0/MACD3/ADX40/,0.9,10,9,1.02875
RSI50/MOM0/MACD3/ADX45/,0.9,10,9,1.02875
RSI50/MOM0/MACD3/ADX50/,0.9,10,9,1.02875
MOM0/MACD3/ADX20/,1,7,7,1.02694285714286
MOM0/MACD3/ADX25/,0.8667,15,13,1.01932
MOM0/MACD3/ADX30/,0.8333,24,20,1.02860416666667
RSI50/MACD3/ADX20/,1,6,6,1.04081666666667
RSI50/MACD3/ADX25/,1,12,12,1.03251666666667
RSI50/MACD3/ADX30/,1,14,14,1.03810714285714
RSI50/MACD3/ADX35/,1,14,14,1.03810714285714
RSI50/MACD3/ADX40/,0.9412,17,16,1.02915294117647
RSI50/MACD3/ADX45/,0.8947,19,17,1.02331578947368
RSI50/MACD3/ADX50/,0.8947,19,17,1.02331578947368
RSI50/MOM0/ADX20/,1,4,4,1.049775
RSI50/MOM0/ADX25/,1,7,7,1.03745714285714
RSI50/MOM0/ADX30/,1,8,8,1.0418625
RSI50/MOM0/ADX35/,1,8,8,1.0418625
RSI50/MOM0/ADX40/,0.9,10,9,1.02875
RSI50/MOM0/ADX45/,0.9,10,9,1.02875
RSI50/MOM0/ADX50/,0.9,10,9,1.02875
MOM0/ADX20/,1,7,7,1.02694285714286
MOM0/ADX25/,0.8667,15,13,1.01932
MOM0/ADX30/,0.8333,24,20,1.02860416666667
RSI50/ADX20/,1,6,6,1.04081666666667
RSI50/ADX25/,0.9286,14,13,1.02425
RSI50/ADX30/,0.8824,17,15,1.01365294117647
RSI50/MOM0/MACD3/BOP0.07/BBANDS0.07/,0.8,5,4,1.01572
MOM0/MACD3/BOP0.07/BBANDS0.07/,0.8824,17,15,1.02820588235294
RSI50/MACD3/BOP0.07/BBANDS0.07/,0.875,8,7,1.0174
MACD3/BOP0.07/BBANDS0.07/,0.7805,41,32,1.0148
RSI50/MOM0/BOP0.07/BBANDS0.07/,0.8,5,4,1.01572
MOM0/BOP0.07/BBANDS0.07/,0.8824,17,15,1.02820588235294
RSI50/BOP0.07/BBANDS0.07/,0.875,8,7,1.0174
BOP0.07/BBANDS0.07/,0.7805,41,32,1.0148
RSI50/MOM0/MACD3/BBANDS0.07/,0.8,5,4,1.01572
MOM0/MACD3/BBANDS0.07/,0.8636,22,19,1.02491363636364
RSI50/MACD3/BBANDS0.07/,0.8889,9,8,1.01977777777778
RSI50/MOM0/BBANDS0.07/,0.8,5,4,1.01572
MOM0/BBANDS0.07/,0.8636,22,19,1.02491363636364
RSI50/BBANDS0.07/,0.8889,9,8,1.01977777777778
RSI50/MOM0/MACD3/BOP0.07/,0.9,10,9,1.03191
RSI50/MACD3/BOP0.07/,0.9333,15,14,1.02554666666667
RSI50/MOM0/BOP0.07/,0.9,10,9,1.03191
RSI50/BOP0.07/,0.9333,15,14,1.02554666666667
RSI50/MOM0/MACD3/,0.9091,11,10,1.02757272727273
RSI50/MACD3/,0.9,20,18,1.02294
RSI50/MOM0/,0.9091,11,10,1.02757272727273
RSI60/MOM0/MACD3/BOP0.05/ADX30/,0.5,2,1,1.0149
RSI60/MOM0/MACD3/BOP0.05/ADX35/,0.5,2,1,1.0149
RSI60/MOM0/MACD3/BOP0.05/ADX40/,0.5,2,1,1.0149
RSI60/MOM0/MACD3/BOP0.05/ADX45/,0.6667,3,2,1.01563333333333
RSI60/MOM0/MACD3/BOP0.05/ADX50/,0.75,4,3,1.0268
RSI60/MOM0/MACD3/BOP0.03/,0.75,8,6,1.03215
RSI60/MOM0/MACD3/BOP0.01/,0.75,8,6,1.03215
RSI60/MOM0/MACD3/BOP-0.01/,0.75,8,6,1.03215
RSI60/MOM0/MACD3/BOP-0.03/,0.75,8,6,1.03215
RSI60/MOM0/MACD3/BOP-0.05/,0.75,8,6,1.03215
RSI60/MOM0/MACD3/BOP-0.07/,0.75,8,6,1.03215
RSI60/MOM0/MACD2/,0.7778,9,7,1.03211111111111
RSI60/MOM0/MACD1/,0.7778,9,7,1.03211111111111
RSI60/MOM0/MACD0/,1,1,1,1.0637
MOM0/MACD3/BOP0.05/ADX30/,0.5556,9,5,0.989855555555556
RSI60/MACD3/BOP0.05/ADX30/,0.375,8,3,0.991125
RSI60/MACD3/BOP0.05/ADX35/,0.3333,9,3,0.988566666666667
RSI60/MACD3/BOP0.05/ADX40/,0.3,10,3,0.98658
RSI60/MACD3/BOP0.05/ADX45/,0.3636,11,4,0.989354545454545
RSI60/MACD3/BOP0.05/ADX50/,0.3846,13,5,0.991384615384615
RSI60/MACD3/BOP0.03/,0.5556,27,15,1.02392222222222
RSI60/MACD3/BOP0.01/,0.5769,26,15,1.02659615384615
RSI60/MACD3/BOP-0.01/,0.5769,26,15,1.02659615384615
RSI60/MACD3/BOP-0.03/,0.56,25,14,1.027628
RSI60/MACD3/BOP-0.05/,0.5652,23,13,1.03115217391304
RSI60/MACD3/BOP-0.07/,0.5652,23,13,1.03115217391304
RSI60/MACD0/,0.6,15,9,1.02355333333333
MACD3/BOP0.05/ADX30/,0.5789,19,11,0.998678947368421
RSI60/MOM0/BOP0.05/ADX30/,0.5,2,1,1.0149
RSI60/MOM0/BOP0.05/ADX35/,0.5,2,1,1.0149
RSI60/MOM0/BOP0.05/ADX40/,0.5,2,1,1.0149
RSI60/MOM0/BOP0.05/ADX45/,0.6667,3,2,1.01563333333333
RSI60/MOM0/BOP0.05/ADX50/,0.75,4,3,1.0268
RSI60/MOM0/BOP0.03/,0.75,8,6,1.03215
RSI60/MOM0/BOP0.01/,0.75,8,6,1.03215
RSI60/MOM0/BOP-0.01/,0.75,8,6,1.03215
RSI60/MOM0/BOP-0.03/,0.75,8,6,1.03215
RSI60/MOM0/BOP-0.05/,0.75,8,6,1.03215
RSI60/MOM0/BOP-0.07/,0.75,8,6,1.03215
MOM0/BOP0.05/ADX30/,0.5556,9,5,0.989855555555556
RSI60/BOP0.05/ADX30/,0.375,8,3,0.991125
RSI60/BOP0.05/ADX35/,0.3333,9,3,0.988566666666667
RSI60/BOP0.05/ADX40/,0.3,10,3,0.98658
RSI60/BOP0.05/ADX45/,0.3636,11,4,0.989354545454545
RSI60/BOP0.05/ADX50/,0.3846,13,5,0.991384615384615
RSI60/BOP0.03/,0.5556,27,15,1.02392222222222
RSI60/BOP0.01/,0.5769,26,15,1.02659615384615
RSI60/BOP-0.01/,0.5769,26,15,1.02659615384615
RSI60/BOP-0.03/,0.56,25,14,1.027628
RSI60/BOP-0.05/,0.5652,23,13,1.03115217391304
RSI60/BOP-0.07/,0.5652,23,13,1.03115217391304
BOP0.05/ADX30/,0.5789,19,11,0.998678947368421
RSI60/MOM0/MACD2/ADX30/,0.6667,3,2,1.02053333333333
RSI60/MOM0/MACD2/ADX35/,0.6667,3,2,1.02053333333333
RSI60/MOM0/MACD2/ADX40/,0.6667,3,2,1.02053333333333
RSI60/MOM0/MACD2/ADX45/,0.75,4,3,1.019675
RSI60/MOM0/MACD2/ADX50/,0.8,5,4,1.0278
MOM0/MACD2/ADX30/,0.75,16,12,1.0256875
RSI60/MOM0/MACD3/BOP0.07/ADX30/,0.6667,3,2,1.0498
RSI60/MOM0/MACD3/BOP0.07/ADX35/,0.75,4,3,1.036875
RSI60/MOM0/MACD3/BOP0.07/ADX40/,0.75,4,3,1.036875
RSI60/MOM0/MACD3/BOP0.07/ADX45/,0.8,5,4,1.03292
RSI60/MOM0/MACD3/BOP0.07/ADX50/,0.75,8,6,1.03215
RSI60/MOM0/MACD3/BOP0.05/,0.75,8,6,1.03215
RSI60/MACD3/BOP0.07/ADX30/,0.6471,17,11,1.02798235294118
RSI60/MACD3/BOP0.07/ADX35/,0.5909,22,13,1.02904090909091
RSI60/MACD3/BOP0.07/ADX40/,0.5652,23,13,1.02641739130435
RSI60/MACD3/BOP0.07/ADX45/,0.5833,24,14,1.02602916666667
RSI60/MACD3/BOP0.07/ADX50/,0.5714,28,16,1.02364642857143
RSI60/MACD3/BOP0.05/,0.5357,28,15,1.02197142857143
RSI60/MOM0/BOP0.07/ADX30/,0.6667,3,2,1.0498
RSI60/MOM0/BOP0.07/ADX35/,0.75,4,3,1.036875
RSI60/MOM0/BOP0.07/ADX40/,0.75,4,3,1.036875
RSI60/MOM0/BOP0.07/ADX45/,0.8,5,4,1.03292
RSI60/MOM0/BOP0.07/ADX50/,0.75,8,6,1.03215
RSI60/MOM0/BOP0.05/,0.75,8,6,1.03215
RSI60/BOP0.07/ADX30/,0.6471,17,11,1.02798235294118
RSI60/BOP0.07/ADX35/,0.5909,22,13,1.02904090909091
RSI60/BOP0.07/ADX40/,0.5652,23,13,1.02641739130435
RSI60/BOP0.07/ADX45/,0.5833,24,14,1.02602916666667
RSI60/BOP0.07/ADX50/,0.5714,28,16,1.02364642857143
RSI60/BOP0.05/,0.5357,28,15,1.02197142857143
RSI60/MOM0/MACD3/ADX30/,0.75,4,3,1.0453
RSI60/MOM0/MACD3/ADX35/,0.8,5,4,1.03586
RSI60/MOM0/MACD3/ADX40/,0.8,5,4,1.03586
RSI60/MOM0/MACD3/ADX45/,0.8333,6,5,1.03273333333333
RSI60/MOM0/MACD3/ADX50/,0.7778,9,7,1.03211111111111
RSI60/MOM0/ADX30/,0.75,4,3,1.0453
RSI60/MOM0/ADX35/,0.8,5,4,1.03586
RSI60/MOM0/ADX40/,0.8,5,4,1.03586
RSI60/MOM0/ADX45/,0.8333,6,5,1.03273333333333
RSI60/MOM0/ADX50/,0.7778,9,7,1.03211111111111
RSI60/MOM0/MACD3/BOP0.07/,0.75,8,6,1.03215
RSI60/MACD3/BOP0.07/,0.5517,29,16,1.0217724137931
RSI60/MOM0/BOP0.07/,0.75,8,6,1.03215
RSI60/BOP0.07/,0.5517,29,16,1.0217724137931
RSI60/MOM0/MACD3/,0.7778,9,7,1.03211111111111
RSI60/MOM0/,0.7778,9,7,1.03211111111111
RSI40/MOM0/MACD3/BOP0.05/ADX25/,0.5,2,1,0.98465
RSI40/MOM0/MACD3/BOP0.05/ADX30/,0.5,2,1,0.98465
RSI40/MOM0/MACD3/BOP0.05/ADX35/,0.5,2,1,0.98465
RSI40/MOM0/MACD3/BOP0.05/ADX40/,0.75,4,3,1.063025
RSI40/MOM0/MACD3/BOP0.05/ADX45/,0.75,4,3,1.063025
RSI40/MOM0/MACD3/BOP0.05/ADX50/,0.75,4,3,1.063025
RSI40/MOM0/MACD3/BOP0.03/,0.75,4,3,1.063025
RSI40/MOM0/MACD3/BOP0.01/,0.75,4,3,1.063025
RSI40/MOM0/MACD3/BOP-0.01/,0.75,4,3,1.063025
RSI40/MOM0/MACD3/BOP-0.03/,0.75,4,3,1.063025
RSI40/MOM0/MACD3/BOP-0.05/,0.75,4,3,1.063025
RSI40/MOM0/MACD3/BOP-0.07/,0.75,4,3,1.063025
RSI40/MOM0/MACD2/,0.75,4,3,1.063025
RSI40/MOM0/MACD1/,0.75,4,3,1.063025
RSI40/MOM0/MACD0/,0.75,4,3,1.063025
MOM0/MACD3/BOP0.05/ADX25/,0.6,5,3,1.01138
RSI40/MACD3/BOP0.05/ADX25/,0.5,2,1,0.98465
RSI40/MACD3/BOP0.05/ADX30/,0.6667,3,2,0.991866666666667
RSI40/MACD3/BOP0.05/ADX35/,0.5,4,2,0.962
RSI40/MACD3/BOP0.05/ADX40/,0.6667,6,4,1.0218
RSI40/MACD3/BOP0.05/ADX45/,0.6667,6,4,1.0218
RSI40/MACD3/BOP0.05/ADX50/,0.6667,6,4,1.0218
RSI40/MACD3/BOP0.03/,0.625,8,5,1.02455
RSI40/MACD3/BOP0.01/,0.5714,7,4,1.0084
RSI40/MACD3/BOP-0.01/,0.5714,7,4,1.0084
RSI40/MACD3/BOP-0.03/,0.6,5,3,1.03602
RSI40/MACD3/BOP-0.05/,0.6,5,3,1.03602
RSI40/MACD3/BOP-0.07/,0.6,5,3,1.03602
RSI40/MACD2/,0.625,8,5,1.02455
RSI40/MACD1/,0.625,8,5,1.02455
RSI40/MACD0/,0.625,8,5,1.02455
MACD3/BOP0.05/ADX25/,0.5833,12,7,1.01049166666667
RSI40/MOM0/BOP0.05/ADX25/,0.5,2,1,0.98465
RSI40/MOM0/BOP0.05/ADX30/,0.5,2,1,0.98465
RSI40/MOM0/BOP0.05/ADX35/,0.5,2,1,0.98465
RSI40/MOM0/BOP0.05/ADX40/,0.75,4,3,1.063025
RSI40/MOM0/BOP0.05/ADX45/,0.75,4,3,1.063025
RSI40/MOM0/BOP0.05/ADX50/,0.75,4,3,1.063025
RSI40/MOM0/BOP0.03/,0.75,4,3,1.063025
RSI40/MOM0/BOP0.01/,0.75,4,3,1.063025
RSI40/MOM0/BOP-0.01/,0.75,4,3,1.063025
RSI40/MOM0/BOP-0.03/,0.75,4,3,1.063025
RSI40/MOM0/BOP-0.05/,0.75,4,3,1.063025
RSI40/MOM0/BOP-0.07/,0.75,4,3,1.063025
MOM0/BOP0.05/ADX25/,0.6,5,3,1.01138
RSI40/BOP0.05/ADX25/,0.5,2,1,0.98465
RSI40/BOP0.05/ADX30/,0.6667,3,2,0.991866666666667
RSI40/BOP0.05/ADX35/,0.5,4,2,0.962
RSI40/BOP0.05/ADX40/,0.6667,6,4,1.0218
RSI40/BOP0.05/ADX45/,0.6667,6,4,1.0218
RSI40/BOP0.05/ADX50/,0.6667,6,4,1.0218
RSI40/BOP0.03/,0.625,8,5,1.02455
RSI40/BOP0.01/,0.5714,7,4,1.0084
RSI40/BOP-0.01/,0.5714,7,4,1.0084
RSI40/BOP-0.03/,0.6,5,3,1.03602
RSI40/BOP-0.05/,0.6,5,3,1.03602
RSI40/BOP-0.07/,0.6,5,3,1.03602
BOP0.05/ADX25/,0.5833,12,7,1.01049166666667
RSI40/MOM0/MACD2/ADX25/,0.5,2,1,0.98465
RSI40/MOM0/MACD2/ADX30/,0.5,2,1,0.98465
RSI40/MOM0/MACD2/ADX35/,0.5,2,1,0.98465
RSI40/MOM0/MACD2/ADX40/,0.75,4,3,1.063025
RSI40/MOM0/MACD2/ADX45/,0.75,4,3,1.063025
RSI40/MOM0/MACD2/ADX50/,0.75,4,3,1.063025
MOM0/MACD2/ADX25/,0.75,8,6,1.009175
RSI40/MACD2/ADX25/,0.5,2,1,0.98465
RSI40/MACD2/ADX30/,0.6667,3,2,0.991866666666667
RSI40/MACD2/ADX35/,0.5,4,2,0.962
RSI40/MACD2/ADX40/,0.6667,6,4,1.0218
RSI40/MACD2/ADX45/,0.6667,6,4,1.0218
RSI40/MACD2/ADX50/,0.6667,6,4,1.0218
RSI45/ADX25/,0.75,8,6,1.00025
RSI45/ADX30/,0.6364,11,7,0.971418181818182
RSI40/MOM0/MACD3/BOP0.07/ADX25/,0.5,2,1,0.98465
RSI40/MOM0/MACD3/BOP0.07/ADX30/,0.5,2,1,0.98465
RSI40/MOM0/MACD3/BOP0.07/ADX35/,0.5,2,1,0.98465
RSI40/MOM0/MACD3/BOP0.07/ADX40/,0.75,4,3,1.063025
RSI40/MOM0/MACD3/BOP0.07/ADX45/,0.75,4,3,1.063025
RSI40/MOM0/MACD3/BOP0.07/ADX50/,0.75,4,3,1.063025
RSI40/MOM0/MACD3/BOP0.05/,0.75,4,3,1.063025
RSI40/MACD3/BOP0.07/ADX25/,0.5,2,1,0.98465
RSI40/MACD3/BOP0.07/ADX30/,0.5,4,2,0.9759
RSI40/MACD3/BOP0.07/ADX35/,0.4,5,2,0.9552
RSI40/MACD3/BOP0.07/ADX40/,0.625,8,5,1.02455
RSI40/MACD3/BOP0.07/ADX45/,0.625,8,5,1.02455
RSI40/MACD3/BOP0.07/ADX50/,0.625,8,5,1.02455
RSI40/MACD3/BOP0.05/,0.625,8,5,1.02455
RSI40/MOM0/BOP0.07/ADX25/,0.5,2,1,0.98465
RSI40/MOM0/BOP0.07/ADX30/,0.5,2,1,0.98465
RSI40/MOM0/BOP0.07/ADX35/,0.5,2,1,0.98465
RSI40/MOM0/BOP0.07/ADX40/,0.75,4,3,1.063025
RSI40/MOM0/BOP0.07/ADX45/,0.75,4,3,1.063025
RSI40/MOM0/BOP0.07/ADX50/,0.75,4,3,1.063025
RSI40/MOM0/BOP0.05/,0.75,4,3,1.063025
RSI40/BOP0.07/ADX25/,0.5,2,1,0.98465
RSI40/BOP0.07/ADX30/,0.5,4,2,0.9759
RSI40/BOP0.07/ADX35/,0.4,5,2,0.9552
RSI40/BOP0.07/ADX40/,0.625,8,5,1.02455
RSI40/BOP0.07/ADX45/,0.625,8,5,1.02455
RSI40/BOP0.07/ADX50/,0.625,8,5,1.02455
RSI40/BOP0.05/,0.625,8,5,1.02455
RSI40/MOM0/MACD3/ADX25/,0.5,2,1,0.98465
RSI40/MOM0/MACD3/ADX30/,0.5,2,1,0.98465
RSI40/MOM0/MACD3/ADX35/,0.5,2,1,0.98465
RSI40/MOM0/MACD3/ADX40/,0.75,4,3,1.063025
RSI40/MOM0/MACD3/ADX45/,0.75,4,3,1.063025
RSI40/MOM0/MACD3/ADX50/,0.75,4,3,1.063025
RSI40/MACD3/ADX25/,0.5,2,1,0.98465
RSI40/MACD3/ADX30/,0.5,4,2,0.9759
RSI40/MACD3/ADX35/,0.4,5,2,0.9552
RSI40/MACD3/ADX40/,0.625,8,5,1.02455
RSI40/MACD3/ADX45/,0.625,8,5,1.02455
RSI40/MACD3/ADX50/,0.625,8,5,1.02455
RSI40/MOM0/ADX25/,0.5,2,1,0.98465
RSI40/MOM0/ADX30/,0.5,2,1,0.98465
RSI40/MOM0/ADX35/,0.5,2,1,0.98465
RSI40/MOM0/ADX40/,0.75,4,3,1.063025
RSI40/MOM0/ADX45/,0.75,4,3,1.063025
RSI40/MOM0/ADX50/,0.75,4,3,1.063025
RSI40/ADX25/,0.5,2,1,0.98465
RSI40/ADX30/,0.5,4,2,0.9759
RSI40/ADX35/,0.4,5,2,0.9552
RSI40/ADX40/,0.6667,9,6,1.0253
RSI40/ADX45/,0.6667,9,6,1.0253
RSI40/ADX50/,0.6667,9,6,1.0253
RSI40/MOM0/MACD3/BOP0.07/,0.75,4,3,1.063025
RSI40/MACD3/BOP0.07/,0.625,8,5,1.02455
RSI40/MOM0/BOP0.07/,0.75,4,3,1.063025
RSI40/BOP0.07/,0.625,8,5,1.02455
RSI40/MOM0/MACD3/,0.75,4,3,1.063025
RSI40/MACD3/,0.625,8,5,1.02455
RSI40/MOM0/,0.75,4,3,1.063025
RSI40/,0.6364,11,7,1.0217
MACD2/BBANDS0.07/ADX30/,0.6842,19,13,1.00344736842105
RSI55/MACD3/BOP0.07/BBANDS0.07/ADX45/,0.875,8,7,1.0539625
RSI55/MACD3/BOP0.07/BBANDS0.07/ADX50/,0.875,8,7,1.0539625
RSI55/MACD3/BOP0.07/BBANDS0.06/,0.8333,6,5,1.06368333333333
RSI55/MACD3/BOP0.07/BBANDS0.05/,0.8,5,4,1.00464
RSI55/MACD3/BOP0.07/BBANDS0.04/,0.5,2,1,0.9876
RSI55/MACD3/BOP0.07/BBANDS0.03/,0.5,2,1,0.9876
RSI55/MACD3/BOP0.07/BBANDS0.02/,1,1,1,0.996
RSI55/MACD3/BOP0.05/,0.6667,12,8,1.03124166666667
RSI55/MACD3/BOP0.03/,0.6667,12,8,1.03124166666667
RSI55/MACD3/BOP0.01/,0.6667,12,8,1.03124166666667
RSI55/MACD3/BOP-0.01/,0.6667,12,8,1.03124166666667
RSI55/MACD3/BOP-0.03/,0.6667,12,8,1.03124166666667
RSI55/MACD3/BOP-0.05/,0.7,10,7,1.04007
RSI55/MACD3/BOP-0.07/,0.7,10,7,1.04007
RSI55/MACD2/,0.6667,21,14,1.03338095238095
RSI55/MACD1/,0.7,20,14,1.03624
RSI55/MACD0/,0.8,10,8,1.03319
RSI50/MACD3/BOP0.07/BBANDS0.03/,1,3,3,1.0216
RSI50/MACD3/BOP0.07/BBANDS0.02/,1,1,1,0.996
RSI50/MACD3/BOP-0.01/,0.9286,14,13,1.02827142857143
RSI50/MACD3/BOP-0.03/,0.9231,13,12,1.02485384615385
RSI50/MACD3/BOP-0.05/,0.9167,12,11,1.028075
RSI50/MACD3/BOP-0.07/,0.9167,12,11,1.028075
MACD3/BOP0.07/BBANDS0.03/,0.75,8,6,0.93615
MACD3/BOP0.07/BBANDS0.02/,1,2,2,0.99705
RSI55/BOP0.07/BBANDS0.07/ADX45/,0.875,8,7,1.0539625
RSI55/BOP0.07/BBANDS0.07/ADX50/,0.875,8,7,1.0539625
RSI55/BOP0.07/BBANDS0.06/,0.8333,6,5,1.06368333333333
RSI55/BOP0.07/BBANDS0.05/,0.8,5,4,1.00464
RSI55/BOP0.07/BBANDS0.04/,0.5,2,1,0.9876
RSI55/BOP0.07/BBANDS0.03/,0.5,2,1,0.9876
RSI55/BOP0.07/BBANDS0.02/,1,1,1,0.996
RSI55/BOP0.05/,0.6667,12,8,1.03124166666667
RSI55/BOP0.03/,0.6667,12,8,1.03124166666667
RSI55/BOP0.01/,0.6667,12,8,1.03124166666667
RSI55/BOP-0.01/,0.6667,12,8,1.03124166666667
RSI55/BOP-0.03/,0.6667,12,8,1.03124166666667
RSI55/BOP-0.05/,0.7,10,7,1.04007
RSI55/BOP-0.07/,0.7,10,7,1.04007
RSI50/BOP0.07/BBANDS0.03/,1,3,3,1.0216
RSI50/BOP0.07/BBANDS0.02/,1,1,1,0.996
RSI50/BOP-0.01/,0.9286,14,13,1.02827142857143
RSI50/BOP-0.03/,0.9231,13,12,1.02485384615385
RSI50/BOP-0.05/,0.9167,12,11,1.028075
RSI50/BOP-0.07/,0.9167,12,11,1.028075
BOP0.07/BBANDS0.03/,0.75,8,6,0.93615
BOP0.07/BBANDS0.02/,1,2,2,0.99705
RSI55/MACD3/BBANDS0.07/ADX45/,0.8,10,8,1.03855
RSI55/MACD3/BBANDS0.07/ADX50/,0.8,10,8,1.03855
RSI55/MACD3/BBANDS0.06/,0.8333,6,5,1.06368333333333
RSI55/MACD3/BBANDS0.05/,0.8,5,4,1.00464
RSI55/MACD3/BBANDS0.04/,0.5,2,1,0.9876
RSI55/MACD3/BBANDS0.03/,0.5,2,1,0.9876
RSI55/MACD3/BBANDS0.02/,1,1,1,0.996
RSI50/MACD3/BBANDS0.03/,1,3,3,1.0216
RSI50/MACD3/BBANDS0.02/,1,1,1,0.996
MACD3/BBANDS0.03/,0.7273,11,8,0.956627272727273
MACD3/BBANDS0.02/,0.6667,3,2,0.987533333333333
RSI55/BBANDS0.07/ADX45/,0.8182,11,9,1.03857272727273
RSI55/BBANDS0.07/ADX50/,0.8182,11,9,1.03857272727273
RSI55/BBANDS0.06/,0.8571,7,6,1.06012857142857
RSI55/BBANDS0.05/,0.8,5,4,1.00464
RSI55/BBANDS0.04/,0.5,2,1,0.9876
RSI55/BBANDS0.03/,0.5,2,1,0.9876
RSI55/BBANDS0.02/,1,1,1,0.996
RSI50/BBANDS0.03/,1,3,3,1.0216
RSI50/BBANDS0.02/,1,1,1,0.996
BBANDS0.03/,0.7273,11,8,0.956627272727273
BBANDS0.02/,0.6667,3,2,0.987533333333333
RSI55/MACD3/BOP0.07/ADX45/,0.7273,11,8,1.03624545454545
RSI55/MACD3/BOP0.07/ADX50/,0.7273,11,8,1.03624545454545
RSI55/BOP0.07/ADX45/,0.7273,11,8,1.03624545454545
RSI55/BOP0.07/ADX50/,0.7273,11,8,1.03624545454545
RSI55/MACD3/ADX45/,0.7,20,14,1.03624
RSI55/MACD3/ADX50/,0.7,20,14,1.03624
RSI55/ADX45/,0.8,30,24,1.03509666666667
RSI55/ADX50/,0.8,30,24,1.03509666666667
RSI55/MACD3/BOP0.07/BBANDS0.07/,0.875,8,7,1.0539625
RSI55/BOP0.07/BBANDS0.07/,0.875,8,7,1.0539625
RSI55/MACD3/BBANDS0.07/,0.8,10,8,1.03855
RSI55/BBANDS0.07/,0.8182,11,9,1.03857272727273
RSI55/MACD3/BOP0.07/,0.6667,12,8,1.03124166666667
RSI55/BOP0.07/,0.6667,12,8,1.03124166666667
RSI55/MACD3/,0.6667,21,14,1.03338095238095
MACD2/BBANDS0.04/,0.6667,6,4,1.01001666666667
MACD2/BBANDS0.03/,0.6667,3,2,1.01123333333333
MACD2/BBANDS0.07/ADX25/,0.75,12,9,1.00606666666667
RSI55/MACD1/ADX20/,0.75,4,3,1.0832
RSI55/MACD1/ADX25/,0.8,5,4,1.07606
RSI55/MACD1/ADX30/,0.8,5,4,1.07606
RSI55/MACD1/ADX35/,0.8333,6,5,1.07015
RSI55/MACD1/ADX40/,0.8333,6,5,1.07015
RSI55/MACD1/ADX45/,0.7143,7,5,1.05318571428571
RSI55/MACD1/ADX50/,0.7143,7,5,1.05318571428571
RSI55/MACD2/ADX20/,0.6667,6,4,1.04841666666667
RSI55/MACD2/ADX25/,0.7143,7,5,1.04828571428571
RSI55/MACD2/ADX30/,0.625,8,5,1.0388875
RSI55/MACD2/ADX35/,0.6364,11,7,1.03106363636364
RSI55/MACD2/ADX40/,0.6364,11,7,1.03106363636364
RSI55/MACD2/ADX45/,0.5833,12,7,1.024425
RSI55/MACD2/ADX50/,0.5833,12,7,1.024425
RSI55/MACD3/ADX20/,0.8,10,8,1.03175
RSI55/MACD3/ADX25/,0.8333,12,10,1.060325
RSI55/MACD3/ADX30/,0.7857,14,11,1.05482857142857
RSI55/MACD3/ADX35/,0.7222,18,13,1.04318888888889
RSI55/MACD3/ADX40/,0.7222,18,13,1.04318888888889
RSI55/ADX20/,0.8182,11,9,1.04031818181818
RSI55/ADX25/,0.8947,19,17,1.05176842105263
RSI55/ADX30/,0.8636,22,19,1.05
RSI55/ADX35/,0.8077,26,21,1.04268461538462
RSI55/ADX40/,0.8214,28,23,1.03948214285714
RSI60/MACD2/BBANDS0.07/ADX25/,0.6667,3,2,0.994266666666667
RSI60/MACD2/BBANDS0.07/ADX30/,0.5,6,3,0.987816666666667
RSI60/MACD2/BBANDS0.07/ADX35/,0.5,6,3,0.987816666666667
RSI60/MACD2/BBANDS0.07/ADX40/,0.5,6,3,0.987816666666667
RSI60/MACD2/BBANDS0.07/ADX45/,0.5,6,3,0.987816666666667
RSI60/MACD2/BBANDS0.07/ADX50/,0.5,6,3,0.987816666666667
RSI60/MACD2/BBANDS0.06/,0.5,4,2,0.993275
RSI60/MACD3/BBANDS0.07/ADX25/,0.8,10,8,1.04733
RSI60/MACD3/BBANDS0.07/ADX30/,0.7143,14,10,1.03267142857143
RSI60/MACD3/BBANDS0.07/ADX35/,0.6667,18,12,1.03625
RSI60/MACD3/BBANDS0.07/ADX40/,0.6667,18,12,1.03625
RSI60/MACD3/BBANDS0.07/ADX45/,0.6667,18,12,1.03625
RSI60/MACD3/BBANDS0.07/ADX50/,0.65,20,13,1.03424
RSI60/MACD3/BBANDS0.06/,0.5385,13,7,1.02629230769231
RSI60/BBANDS0.07/ADX25/,0.8,10,8,1.04733
RSI60/BBANDS0.07/ADX30/,0.7143,14,10,1.03267142857143
RSI60/BBANDS0.07/ADX35/,0.6667,18,12,1.03625
RSI60/BBANDS0.07/ADX40/,0.6667,18,12,1.03625
RSI60/BBANDS0.07/ADX45/,0.6667,18,12,1.03625
RSI60/BBANDS0.07/ADX50/,0.65,20,13,1.03424
RSI60/BBANDS0.06/,0.5385,13,7,1.02629230769231
RSI60/MACD2/BBANDS0.07/,0.5,6,3,0.987816666666667
RSI60/MACD3/BBANDS0.07/,0.65,20,13,1.03424
RSI60/BBANDS0.07/,0.65,20,13,1.03424
RSI50/MOM0/MACD3/BOP-0.01/,0.8889,9,8,1.03685555555556
RSI50/MOM0/MACD3/BOP-0.03/,0.875,8,7,1.032375
RSI50/MOM0/MACD3/BOP-0.05/,0.8571,7,6,1.03897142857143
RSI50/MOM0/MACD3/BOP-0.07/,0.8571,7,6,1.03897142857143
RSI50/MOM0/BOP-0.01/,0.8889,9,8,1.03685555555556
RSI50/MOM0/BOP-0.03/,0.875,8,7,1.032375
RSI50/MOM0/BOP-0.05/,0.8571,7,6,1.03897142857143
RSI50/MOM0/BOP-0.07/,0.8571,7,6,1.03897142857143
RSI50/MACD3/BOP0.05/ADX25/,1,3,3,1.05326666666667
RSI50/MACD3/BOP0.05/ADX30/,1,4,4,1.058125
RSI50/MACD3/BOP0.05/ADX35/,1,4,4,1.058125
RSI50/MACD3/BOP0.05/ADX40/,1,6,6,1.03803333333333
RSI50/MACD3/BOP0.05/ADX45/,1,6,6,1.03803333333333
RSI50/MACD3/BOP0.05/ADX50/,1,6,6,1.03803333333333
RSI45/MACD3/BOP0.05/ADX25/,0.5,2,1,0.9579
RSI45/MACD3/BOP0.05/ADX30/,0.3333,3,1,0.888366666666667
RSI50/BOP0.05/ADX25/,1,3,3,1.05326666666667
RSI50/BOP0.05/ADX30/,1,4,4,1.058125
RSI50/BOP0.05/ADX35/,1,4,4,1.058125
RSI50/BOP0.05/ADX40/,1,6,6,1.03803333333333
RSI50/BOP0.05/ADX45/,1,6,6,1.03803333333333
RSI50/BOP0.05/ADX50/,1,6,6,1.03803333333333
RSI45/BOP0.05/ADX25/,0.5,2,1,0.9579
RSI45/BOP0.05/ADX30/,0.3333,3,1,0.888366666666667
RSI50/MACD2/ADX25/,1,7,7,1.04057142857143
RSI50/MACD2/ADX30/,1,8,8,1.0445875
RSI50/MACD2/ADX35/,1,8,8,1.0445875
RSI50/MACD2/ADX40/,1,10,10,1.03524
RSI50/MACD2/ADX45/,0.9091,11,10,1.02761818181818
RSI50/MACD2/ADX50/,0.9091,11,10,1.02761818181818
RSI45/MACD2/ADX25/,0.8,5,4,1.0063
RSI45/MACD2/ADX30/,0.6667,6,4,0.963466666666667
RSI45/MACD3/BOP0.07/ADX25/,0.6667,3,2,0.972333333333333
RSI45/MACD3/BOP0.07/ADX30/,0.4,5,2,0.91886
RSI45/BOP0.07/ADX25/,0.6667,3,2,0.972333333333333
RSI45/BOP0.07/ADX30/,0.4,5,2,0.91886
RSI45/MACD3/ADX25/,0.8333,6,5,1.00545
RSI45/MACD3/ADX30/,0.625,8,5,0.96375
RSI35/MOM0/MACD3/BOP0.05/ADX40/,1,1,1,1.0313
RSI35/MOM0/MACD3/BOP0.05/ADX45/,1,1,1,1.0313
RSI35/MOM0/MACD3/BOP0.05/ADX50/,1,1,1,1.0313
RSI35/MOM0/MACD3/BOP0.03/,1,1,1,1.0313
RSI35/MOM0/MACD3/BOP0.01/,1,1,1,1.0313
RSI35/MOM0/MACD3/BOP-0.01/,1,1,1,1.0313
RSI35/MOM0/MACD3/BOP-0.03/,1,1,1,1.0313
RSI35/MOM0/MACD3/BOP-0.05/,1,1,1,1.0313
RSI35/MOM0/MACD3/BOP-0.07/,1,1,1,1.0313
RSI35/MOM0/MACD2/,1,1,1,1.0313
RSI35/MOM0/MACD1/,1,1,1,1.0313
RSI35/MOM0/MACD0/,1,1,1,1.0313
RSI35/MACD3/BOP0.05/ADX40/,1,2,2,1.0188
RSI35/MACD3/BOP0.05/ADX45/,1,2,2,1.0188
RSI35/MACD3/BOP0.05/ADX50/,1,2,2,1.0188
RSI35/MACD3/BOP0.03/,1,3,3,1.0584
RSI35/MACD3/BOP0.01/,1,2,2,1.0188
RSI35/MACD3/BOP-0.01/,1,2,2,1.0188
RSI35/MACD3/BOP-0.03/,1,1,1,1.0313
RSI35/MACD3/BOP-0.05/,1,1,1,1.0313
RSI35/MACD3/BOP-0.07/,1,1,1,1.0313
RSI35/MACD2/,1,4,4,1.05525
RSI35/MACD1/,1,4,4,1.05525
RSI35/MACD0/,1,4,4,1.05525
RSI35/MOM0/BOP0.05/ADX40/,1,1,1,1.0313
RSI35/MOM0/BOP0.05/ADX45/,1,1,1,1.0313
RSI35/MOM0/BOP0.05/ADX50/,1,1,1,1.0313
RSI35/MOM0/BOP0.03/,1,1,1,1.0313
RSI35/MOM0/BOP0.01/,1,1,1,1.0313
RSI35/MOM0/BOP-0.01/,1,1,1,1.0313
RSI35/MOM0/BOP-0.03/,1,1,1,1.0313
RSI35/MOM0/BOP-0.05/,1,1,1,1.0313
RSI35/MOM0/BOP-0.07/,1,1,1,1.0313
RSI35/BOP0.05/ADX40/,1,2,2,1.0188
RSI35/BOP0.05/ADX45/,1,2,2,1.0188
RSI35/BOP0.05/ADX50/,1,2,2,1.0188
RSI35/BOP0.03/,1,3,3,1.0584
RSI35/BOP0.01/,1,2,2,1.0188
RSI35/BOP-0.01/,1,2,2,1.0188
RSI35/BOP-0.03/,1,1,1,1.0313
RSI35/BOP-0.05/,1,1,1,1.0313
RSI35/BOP-0.07/,1,1,1,1.0313
RSI35/MOM0/MACD2/ADX40/,1,1,1,1.0313
RSI35/MOM0/MACD2/ADX45/,1,1,1,1.0313
RSI35/MOM0/MACD2/ADX50/,1,1,1,1.0313
RSI35/MACD2/ADX40/,1,2,2,1.0188
RSI35/MACD2/ADX45/,1,2,2,1.0188
RSI35/MACD2/ADX50/,1,2,2,1.0188
RSI35/MOM0/MACD3/BOP0.07/ADX40/,1,1,1,1.0313
RSI35/MOM0/MACD3/BOP0.07/ADX45/,1,1,1,1.0313
RSI35/MOM0/MACD3/BOP0.07/ADX50/,1,1,1,1.0313
RSI35/MOM0/MACD3/BOP0.05/,1,1,1,1.0313
RSI35/MACD3/BOP0.07/ADX40/,1,3,3,1.0584
RSI35/MACD3/BOP0.07/ADX45/,1,3,3,1.0584
RSI35/MACD3/BOP0.07/ADX50/,1,3,3,1.0584
RSI35/MACD3/BOP0.05/,1,3,3,1.0584
RSI35/MOM0/BOP0.07/ADX40/,1,1,1,1.0313
RSI35/MOM0/BOP0.07/ADX45/,1,1,1,1.0313
RSI35/MOM0/BOP0.07/ADX50/,1,1,1,1.0313
RSI35/MOM0/BOP0.05/,1,1,1,1.0313
RSI35/BOP0.07/ADX40/,1,3,3,1.0584
RSI35/BOP0.07/ADX45/,1,3,3,1.0584
RSI35/BOP0.07/ADX50/,1,3,3,1.0584
RSI35/BOP0.05/,1,3,3,1.0584
RSI35/MOM0/MACD3/ADX40/,1,1,1,1.0313
RSI35/MOM0/MACD3/ADX45/,1,1,1,1.0313
RSI35/MOM0/MACD3/ADX50/,1,1,1,1.0313
RSI35/MACD3/ADX40/,1,3,3,1.0584
RSI35/MACD3/ADX45/,1,3,3,1.0584
RSI35/MACD3/ADX50/,1,3,3,1.0584
RSI35/MOM0/ADX40/,1,1,1,1.0313
RSI35/MOM0/ADX45/,1,1,1,1.0313
RSI35/MOM0/ADX50/,1,1,1,1.0313
RSI35/ADX40/,1,3,3,1.0584
RSI35/ADX45/,1,3,3,1.0584
RSI35/ADX50/,1,3,3,1.0584
RSI35/MOM0/MACD3/BOP0.07/,1,1,1,1.0313
RSI35/MACD3/BOP0.07/,1,3,3,1.0584
RSI35/MOM0/BOP0.07/,1,1,1,1.0313
RSI35/BOP0.07/,1,3,3,1.0584
RSI35/MOM0/MACD3/,1,1,1,1.0313
RSI35/MACD3/,1,4,4,1.05525
RSI35/MOM0/,1,1,1,1.0313
RSI35/,0.8,5,4,1.03724
RSI50/MACD2/BBANDS0.07/ADX25/,1,1,1,1.0388
RSI50/MACD2/BBANDS0.07/ADX30/,1,1,1,1.0388
RSI50/MACD2/BBANDS0.07/ADX35/,1,1,1,1.0388
RSI50/MACD2/BBANDS0.07/ADX40/,1,1,1,1.0388
RSI50/MACD2/BBANDS0.07/ADX45/,1,1,1,1.0388
RSI50/MACD2/BBANDS0.07/ADX50/,1,1,1,1.0388
RSI50/MACD2/BBANDS0.06/,1,1,1,1.0388
RSI45/MACD2/BBANDS0.07/ADX25/,1,1,1,1.0388
RSI45/MACD2/BBANDS0.07/ADX30/,1,1,1,1.0388
RSI45/MACD2/BBANDS0.07/ADX35/,1,1,1,1.0388
RSI45/MACD2/BBANDS0.07/ADX40/,1,1,1,1.0388
RSI45/MACD2/BBANDS0.07/ADX45/,1,1,1,1.0388
RSI45/MACD2/BBANDS0.07/ADX50/,1,1,1,1.0388
RSI45/MACD2/BBANDS0.06/,1,1,1,1.0388
RSI55/BBANDS0.07/ADX25/,1,7,7,1.05791428571429
RSI55/BBANDS0.07/ADX30/,0.8889,9,8,1.0499
RSI55/BBANDS0.07/ADX35/,0.8,10,8,1.04283
RSI55/BBANDS0.07/ADX40/,0.8,10,8,1.04283
RSI45/MACD3/BBANDS0.07/ADX25/,1,2,2,1.02
RSI45/MACD3/BBANDS0.07/ADX30/,0.6667,3,2,0.989333333333333
RSI45/MACD3/BBANDS0.07/ADX35/,0.6667,3,2,0.989333333333333
RSI45/MACD3/BBANDS0.07/ADX40/,0.6667,3,2,0.989333333333333
RSI45/MACD3/BBANDS0.07/ADX45/,0.6667,3,2,0.989333333333333
RSI45/MACD3/BBANDS0.07/ADX50/,0.6667,3,2,0.989333333333333
RSI45/MACD3/BBANDS0.06/,0.6667,3,2,0.989333333333333
RSI45/BBANDS0.07/ADX25/,1,2,2,1.02
RSI45/BBANDS0.07/ADX30/,0.6667,3,2,0.989333333333333
RSI45/BBANDS0.07/ADX35/,0.6667,3,2,0.989333333333333
RSI45/BBANDS0.07/ADX40/,0.6667,3,2,0.989333333333333
RSI45/BBANDS0.07/ADX45/,0.6667,3,2,0.989333333333333
RSI45/BBANDS0.07/ADX50/,0.6667,3,2,0.989333333333333
RSI45/BBANDS0.06/,0.6667,3,2,0.989333333333333
RSI50/MACD2/BBANDS0.07/,1,1,1,1.0388
RSI45/MACD2/BBANDS0.07/,1,1,1,1.0388
RSI45/MACD3/BBANDS0.07/,0.6667,3,2,0.989333333333333
RSI45/BBANDS0.07/,0.6667,3,2,0.989333333333333
RSI45/MOM0/MACD3/BOP0.05/ADX25/,0,1,0,0.9218
RSI45/MOM0/MACD3/BOP0.05/ADX30/,0,2,0,0.83555
RSI45/MOM0/BOP0.05/ADX25/,0,1,0,0.9218
RSI45/MOM0/BOP0.05/ADX30/,0,2,0,0.83555
RSI45/MOM0/MACD2/ADX25/,0.5,2,1,0.97465
RSI45/MOM0/MACD2/ADX30/,0.3333,3,1,0.899533333333333
RSI45/MOM0/MACD3/BOP0.07/ADX25/,0.5,2,1,0.9615
RSI45/MOM0/MACD3/BOP0.07/ADX30/,0.3333,3,1,0.890766666666667
RSI45/MOM0/BOP0.07/ADX25/,0.5,2,1,0.9615
RSI45/MOM0/BOP0.07/ADX30/,0.3333,3,1,0.890766666666667
RSI45/MOM0/MACD3/ADX25/,0.6667,3,2,0.9835
RSI45/MOM0/MACD3/ADX30/,0.5,4,2,0.92495
RSI45/MOM0/ADX25/,0.6667,3,2,0.9835
RSI45/MOM0/ADX30/,0.5,4,2,0.92495
RSI45/MOM0/MACD1/ADX25/,1,1,1,1.0275
RSI45/MOM0/MACD1/ADX30/,1,1,1,1.0275
RSI45/MOM0/MACD1/ADX35/,1,1,1,1.0275
RSI45/MOM0/MACD1/ADX40/,1,1,1,1.0275
RSI45/MOM0/MACD1/ADX45/,1,1,1,1.0275
RSI45/MOM0/MACD1/ADX50/,1,1,1,1.0275
MOM0/MACD1/ADX25/,1,2,2,1.00585
MOM0/MACD1/ADX30/,1,4,4,1.105725
MOM0/MACD1/ADX35/,1,4,4,1.105725
MOM0/MACD1/ADX40/,1,4,4,1.105725
MOM0/MACD1/ADX45/,1,4,4,1.105725
MOM0/MACD1/ADX50/,1,4,4,1.105725
RSI45/MACD1/ADX25/,1,2,2,1.03845
RSI45/MACD1/ADX30/,1,2,2,1.03845
RSI45/MACD1/ADX35/,1,2,2,1.03845
RSI45/MACD1/ADX40/,1,2,2,1.03845
RSI45/MACD1/ADX45/,1,2,2,1.03845
RSI45/MACD1/ADX50/,1,2,2,1.03845
MOM0/MACD3/BOP0.07/BBANDS0.03/,1,5,5,1.03286
MOM0/MACD3/BOP0.07/BBANDS0.02/,1,1,1,0.9981
MOM0/BOP0.07/BBANDS0.03/,1,5,5,1.03286
MOM0/BOP0.07/BBANDS0.02/,1,1,1,0.9981
MOM0/MACD3/BBANDS0.03/,0.8333,6,5,1.02213333333333
MOM0/MACD3/BBANDS0.02/,0.5,2,1,0.9833
MOM0/BBANDS0.03/,0.8333,6,5,1.02213333333333
MOM0/BBANDS0.02/,0.5,2,1,0.9833
RSI50/MOM0/MACD3/BOP0.07/BBANDS0.03/,1,2,2,1.0344
RSI50/MOM0/BOP0.07/BBANDS0.03/,1,2,2,1.0344
RSI50/MOM0/MACD3/BBANDS0.03/,1,2,2,1.0344
RSI50/MOM0/BBANDS0.03/,1,2,2,1.0344
RSI30/MOM0/MACD3/BOP0.03/,0,1,0,0.9652
RSI30/MOM0/MACD3/BOP0.01/,0,1,0,0.9652
RSI30/MOM0/MACD3/BOP-0.01/,0,1,0,0.9652
RSI30/MOM0/MACD3/BOP-0.03/,0,1,0,0.9652
RSI30/MOM0/MACD3/BOP-0.05/,0,1,0,0.9652
RSI30/MOM0/MACD3/BOP-0.07/,0,1,0,0.9652
RSI30/MOM0/MACD2/,0,1,0,0.9652
RSI30/MOM0/MACD1/,0,1,0,0.9652
RSI30/MOM0/MACD0/,0,1,0,0.9652
RSI30/MACD3/BOP0.03/,0,1,0,0.9652
RSI30/MACD3/BOP0.01/,0,1,0,0.9652
RSI30/MACD3/BOP-0.01/,0,1,0,0.9652
RSI30/MACD3/BOP-0.03/,0,1,0,0.9652
RSI30/MACD3/BOP-0.05/,0,1,0,0.9652
RSI30/MACD3/BOP-0.07/,0,1,0,0.9652
RSI30/MACD2/,0.5,2,1,1.0055
RSI30/MACD1/,0.5,2,1,1.0055
RSI30/MACD0/,0.5,2,1,1.0055
RSI30/MOM0/BOP0.03/,0,1,0,0.9652
RSI30/MOM0/BOP0.01/,0,1,0,0.9652
RSI30/MOM0/BOP-0.01/,0,1,0,0.9652
RSI30/MOM0/BOP-0.03/,0,1,0,0.9652
RSI30/MOM0/BOP-0.05/,0,1,0,0.9652
RSI30/MOM0/BOP-0.07/,0,1,0,0.9652
RSI30/BOP0.03/,0,1,0,0.9652
RSI30/BOP0.01/,0,1,0,0.9652
RSI30/BOP-0.01/,0,1,0,0.9652
RSI30/BOP-0.03/,0,1,0,0.9652
RSI30/BOP-0.05/,0,1,0,0.9652
RSI30/BOP-0.07/,0,1,0,0.9652
RSI30/MOM0/MACD3/BOP0.05/,0,1,0,0.9652
RSI30/MACD3/BOP0.05/,0,1,0,0.9652
RSI30/MOM0/BOP0.05/,0,1,0,0.9652
RSI30/BOP0.05/,0,1,0,0.9652
RSI30/MOM0/MACD3/BOP0.07/,0,1,0,0.9652
RSI30/MACD3/BOP0.07/,0,1,0,0.9652
RSI30/MOM0/BOP0.07/,0,1,0,0.9652
RSI30/BOP0.07/,0,1,0,0.9652
RSI30/MOM0/MACD3/,0,1,0,0.9652
RSI30/MACD3/,0.5,2,1,1.0055
RSI30/MOM0/,0,1,0,0.9652
RSI30/,0.5,2,1,1.0055
MACD3/BOP0.05/ADX20/,0.6667,6,4,1.02891666666667
BOP0.05/ADX20/,0.6667,6,4,1.02891666666667
RSI60/MOM0/MACD2/BBANDS0.07/ADX30/,1,1,1,1.0318
RSI60/MOM0/MACD2/BBANDS0.07/ADX35/,1,1,1,1.0318
RSI60/MOM0/MACD2/BBANDS0.07/ADX40/,1,1,1,1.0318
RSI60/MOM0/MACD2/BBANDS0.07/ADX45/,1,1,1,1.0318
RSI60/MOM0/MACD2/BBANDS0.07/ADX50/,1,1,1,1.0318
RSI60/MOM0/MACD2/BBANDS0.06/,1,1,1,1.0318
RSI60/MOM0/MACD2/BBANDS0.05/,1,1,1,1.0318
RSI60/MOM0/MACD2/BBANDS0.04/,1,1,1,1.0318
MOM0/MACD2/BBANDS0.07/ADX30/,1,3,3,1.02646666666667
MOM0/MACD2/BBANDS0.07/ADX35/,1,3,3,1.02646666666667
MOM0/MACD2/BBANDS0.07/ADX40/,0.8,5,4,1.01372
MOM0/MACD2/BBANDS0.07/ADX45/,0.8,5,4,1.01372
MOM0/MACD2/BBANDS0.07/ADX50/,0.8,5,4,1.01372
MOM0/MACD2/BBANDS0.06/,0.8,5,4,1.01372
MOM0/MACD2/BBANDS0.05/,0.6667,3,2,1.007
MOM0/MACD2/BBANDS0.04/,0.5,2,1,1.00015
RSI60/MACD2/BBANDS0.05/,0.3333,3,1,0.9833
RSI60/MACD2/BBANDS0.04/,0.5,2,1,1.00535
RSI60/MOM0/MACD3/BBANDS0.07/ADX30/,1,2,2,1.0757
RSI60/MOM0/MACD3/BBANDS0.07/ADX35/,1,3,3,1.04983333333333
RSI60/MOM0/MACD3/BBANDS0.07/ADX40/,1,3,3,1.04983333333333
RSI60/MOM0/MACD3/BBANDS0.07/ADX45/,1,3,3,1.04983333333333
RSI60/MOM0/MACD3/BBANDS0.07/ADX50/,0.8,5,4,1.03636
RSI60/MOM0/MACD3/BBANDS0.06/,0.75,4,3,1.0304
RSI60/MOM0/MACD3/BBANDS0.05/,0.6667,3,2,1.00066666666667
RSI60/MOM0/MACD3/BBANDS0.04/,1,2,2,1.01495
RSI60/MACD3/BBANDS0.05/,0.375,8,3,0.9826125
RSI60/MACD3/BBANDS0.04/,0.6,5,3,0.9972
RSI60/MOM0/BBANDS0.07/ADX30/,1,2,2,1.0757
RSI60/MOM0/BBANDS0.07/ADX35/,1,3,3,1.04983333333333
RSI60/MOM0/BBANDS0.07/ADX40/,1,3,3,1.04983333333333
RSI60/MOM0/BBANDS0.07/ADX45/,1,3,3,1.04983333333333
RSI60/MOM0/BBANDS0.07/ADX50/,0.8,5,4,1.03636
RSI60/MOM0/BBANDS0.06/,0.75,4,3,1.0304
RSI60/MOM0/BBANDS0.05/,0.6667,3,2,1.00066666666667
RSI60/MOM0/BBANDS0.04/,1,2,2,1.01495
RSI60/BBANDS0.05/,0.375,8,3,0.9826125
RSI60/BBANDS0.04/,0.6,5,3,0.9972
RSI60/MOM0/MACD2/BBANDS0.07/,1,1,1,1.0318
MOM0/MACD2/BBANDS0.07/,0.8,5,4,1.01372
RSI60/MOM0/MACD3/BBANDS0.07/,0.8,5,4,1.03636
RSI60/MOM0/BBANDS0.07/,0.8,5,4,1.03636
RSI50/MACD1/ADX45/,0.75,4,3,1.0092
RSI50/MACD1/ADX50/,0.75,4,3,1.0092
RSI45/MACD3/BOP0.07/BBANDS0.07/ADX30/,0.5,2,1,0.9646
RSI45/MACD3/BOP0.07/BBANDS0.07/ADX35/,0.5,2,1,0.9646
RSI45/MACD3/BOP0.07/BBANDS0.07/ADX40/,0.5,2,1,0.9646
RSI45/MACD3/BOP0.07/BBANDS0.07/ADX45/,0.5,2,1,0.9646
RSI45/MACD3/BOP0.07/BBANDS0.07/ADX50/,0.5,2,1,0.9646
RSI45/MACD3/BOP0.07/BBANDS0.06/,0.5,2,1,0.9646
RSI45/MACD3/BOP0.07/BBANDS0.05/,0.5,2,1,0.9646
RSI40/MACD3/BOP0.07/BBANDS0.07/ADX30/,0,1,0,0.928
RSI40/MACD3/BOP0.07/BBANDS0.07/ADX35/,0,1,0,0.928
RSI40/MACD3/BOP0.07/BBANDS0.07/ADX40/,0.5,2,1,1.0328
RSI40/MACD3/BOP0.07/BBANDS0.07/ADX45/,0.5,2,1,1.0328
RSI40/MACD3/BOP0.07/BBANDS0.07/ADX50/,0.5,2,1,1.0328
RSI40/MACD3/BOP0.07/BBANDS0.06/,0,1,0,0.928
RSI40/MACD3/BOP0.07/BBANDS0.05/,0,1,0,0.928
RSI45/BOP0.07/BBANDS0.07/ADX30/,0.5,2,1,0.9646
RSI45/BOP0.07/BBANDS0.07/ADX35/,0.5,2,1,0.9646
RSI45/BOP0.07/BBANDS0.07/ADX40/,0.5,2,1,0.9646
RSI45/BOP0.07/BBANDS0.07/ADX45/,0.5,2,1,0.9646
RSI45/BOP0.07/BBANDS0.07/ADX50/,0.5,2,1,0.9646
RSI45/BOP0.07/BBANDS0.06/,0.5,2,1,0.9646
RSI45/BOP0.07/BBANDS0.05/,0.5,2,1,0.9646
RSI40/BOP0.07/BBANDS0.07/ADX30/,0,1,0,0.928
RSI40/BOP0.07/BBANDS0.07/ADX35/,0,1,0,0.928
RSI40/BOP0.07/BBANDS0.07/ADX40/,0.5,2,1,1.0328
RSI40/BOP0.07/BBANDS0.07/ADX45/,0.5,2,1,1.0328
RSI40/BOP0.07/BBANDS0.07/ADX50/,0.5,2,1,1.0328
RSI40/BOP0.07/BBANDS0.06/,0,1,0,0.928
RSI40/BOP0.07/BBANDS0.05/,0,1,0,0.928
RSI45/MACD3/BBANDS0.05/,0.5,2,1,0.9646
RSI40/MACD3/BBANDS0.07/ADX30/,0,1,0,0.928
RSI40/MACD3/BBANDS0.07/ADX35/,0,1,0,0.928
RSI40/MACD3/BBANDS0.07/ADX40/,0.5,2,1,1.0328
RSI40/MACD3/BBANDS0.07/ADX45/,0.5,2,1,1.0328
RSI40/MACD3/BBANDS0.07/ADX50/,0.5,2,1,1.0328
RSI40/MACD3/BBANDS0.06/,0,1,0,0.928
RSI40/MACD3/BBANDS0.05/,0,1,0,0.928
RSI45/BBANDS0.05/,0.5,2,1,0.9646
RSI40/BBANDS0.07/ADX30/,0,1,0,0.928
RSI40/BBANDS0.07/ADX35/,0,1,0,0.928
RSI40/BBANDS0.07/ADX40/,0.5,2,1,1.0328
RSI40/BBANDS0.07/ADX45/,0.5,2,1,1.0328
RSI40/BBANDS0.07/ADX50/,0.5,2,1,1.0328
RSI40/BBANDS0.06/,0.5,2,1,0.9869
RSI40/BBANDS0.05/,0.5,2,1,0.9869
RSI45/MACD3/BOP0.07/BBANDS0.07/,0.5,2,1,0.9646
RSI40/MACD3/BOP0.07/BBANDS0.07/,0.5,2,1,1.0328
RSI45/BOP0.07/BBANDS0.07/,0.5,2,1,0.9646
RSI40/BOP0.07/BBANDS0.07/,0.5,2,1,1.0328
RSI40/MACD3/BBANDS0.07/,0.5,2,1,1.0328
RSI40/BBANDS0.07/,0.6667,3,2,1.03713333333333
MOM0/MACD2/BBANDS0.07/ADX25/,1,1,1,1.0048
RSI60/MACD3/BOP0.07/BBANDS0.07/ADX20/,0.6667,3,2,1.0044
RSI60/MACD3/BOP0.07/BBANDS0.07/ADX25/,0.8571,7,6,1.07007142857143
RSI60/MACD3/BOP0.07/BBANDS0.07/ADX30/,0.875,8,7,1.0663125
RSI60/MACD3/BOP0.07/BBANDS0.07/ADX35/,0.75,12,9,1.06046666666667
RSI60/MACD3/BOP0.07/BBANDS0.07/ADX40/,0.75,12,9,1.06046666666667
RSI60/MACD3/BOP0.07/BBANDS0.07/ADX45/,0.75,12,9,1.06046666666667
RSI60/MACD3/BOP0.07/BBANDS0.07/ADX50/,0.7143,14,10,1.05413571428571
RSI55/MACD3/BOP0.07/BBANDS0.07/ADX20/,1,4,4,1.00675
RSI55/MACD3/BOP0.07/BBANDS0.07/ADX25/,1,5,5,1.07718
RSI55/MACD3/BOP0.07/BBANDS0.07/ADX30/,1,6,6,1.07608333333333
RSI55/MACD3/BOP0.07/BBANDS0.07/ADX35/,0.8571,7,6,1.06224285714286
RSI55/MACD3/BOP0.07/BBANDS0.07/ADX40/,0.8571,7,6,1.06224285714286
RSI60/BOP0.07/BBANDS0.07/ADX20/,0.6667,3,2,1.0044
RSI60/BOP0.07/BBANDS0.07/ADX25/,0.8571,7,6,1.07007142857143
RSI60/BOP0.07/BBANDS0.07/ADX30/,0.875,8,7,1.0663125
RSI60/BOP0.07/BBANDS0.07/ADX35/,0.75,12,9,1.06046666666667
RSI60/BOP0.07/BBANDS0.07/ADX40/,0.75,12,9,1.06046666666667
RSI60/BOP0.07/BBANDS0.07/ADX45/,0.75,12,9,1.06046666666667
RSI60/BOP0.07/BBANDS0.07/ADX50/,0.7143,14,10,1.05413571428571
RSI55/BOP0.07/BBANDS0.07/ADX20/,1,4,4,1.00675
RSI55/BOP0.07/BBANDS0.07/ADX25/,1,5,5,1.07718
RSI55/BOP0.07/BBANDS0.07/ADX30/,1,6,6,1.07608333333333
RSI55/BOP0.07/BBANDS0.07/ADX35/,0.8571,7,6,1.06224285714286
RSI55/BOP0.07/BBANDS0.07/ADX40/,0.8571,7,6,1.06224285714286
RSI60/MACD3/BBANDS0.07/ADX20/,0.6,5,3,0.99456
RSI55/MACD3/BBANDS0.07/ADX20/,1,5,5,1.00154
RSI55/MACD3/BBANDS0.07/ADX25/,1,6,6,1.0611
RSI55/MACD3/BBANDS0.07/ADX30/,0.875,8,7,1.0512875
RSI55/MACD3/BBANDS0.07/ADX35/,0.7778,9,7,1.04327777777778
RSI55/MACD3/BBANDS0.07/ADX40/,0.7778,9,7,1.04327777777778
RSI60/BBANDS0.07/ADX20/,0.6,5,3,0.99456
RSI55/BBANDS0.07/ADX20/,1,5,5,1.00154
RSI60/MACD3/BOP0.07/ADX20/,0.5,6,3,0.994516666666667
RSI60/MACD3/BOP0.07/ADX25/,0.6667,12,8,1.03458333333333
RSI55/MACD3/BOP0.07/ADX20/,0.8,5,4,1.0008
RSI55/MACD3/BOP0.07/ADX25/,0.8333,6,5,1.06048333333333
RSI55/MACD3/BOP0.07/ADX30/,0.8571,7,6,1.06192857142857
RSI55/MACD3/BOP0.07/ADX35/,0.7,10,7,1.04027
RSI55/MACD3/BOP0.07/ADX40/,0.7,10,7,1.04027
RSI60/BOP0.07/ADX20/,0.5,6,3,0.994516666666667
RSI60/BOP0.07/ADX25/,0.6667,12,8,1.03458333333333
RSI55/BOP0.07/ADX20/,0.8,5,4,1.0008
RSI55/BOP0.07/ADX25/,0.8333,6,5,1.06048333333333
RSI55/BOP0.07/ADX30/,0.8571,7,6,1.06192857142857
RSI55/BOP0.07/ADX35/,0.7,10,7,1.04027
RSI55/BOP0.07/ADX40/,0.7,10,7,1.04027
RSI60/MACD3/BOP0.07/BBANDS0.07/,0.7143,14,10,1.05413571428571
RSI60/BOP0.07/BBANDS0.07/,0.7143,14,10,1.05413571428571
RSI60/MACD3/BOP0.07/BBANDS0.06/,0.5556,9,5,1.04096666666667
RSI60/BOP0.07/BBANDS0.06/,0.5556,9,5,1.04096666666667
MACD2/BBANDS0.07/ADX20/,0.4,5,2,0.97886
RSI50/MOM0/MACD3/BOP0.05/ADX40/,1,4,4,1.056175
RSI50/MOM0/MACD3/BOP0.05/ADX45/,1,4,4,1.056175
RSI50/MOM0/MACD3/BOP0.05/ADX50/,1,4,4,1.056175
RSI50/MOM0/BOP0.05/ADX40/,1,4,4,1.056175
RSI50/MOM0/BOP0.05/ADX45/,1,4,4,1.056175
RSI50/MOM0/BOP0.05/ADX50/,1,4,4,1.056175
RSI50/MOM0/MACD2/ADX40/,1,5,5,1.04178
RSI50/MOM0/MACD2/ADX45/,1,5,5,1.04178
RSI50/MOM0/MACD2/ADX50/,1,5,5,1.04178
RSI50/MOM0/MACD3/BOP0.05/ADX20/,1,1,1,1.126
RSI50/MOM0/MACD3/BOP0.05/ADX25/,1,2,2,1.0829
RSI50/MOM0/MACD3/BOP0.05/ADX30/,1,3,3,1.0795
RSI50/MOM0/MACD3/BOP0.05/ADX35/,1,3,3,1.0795
MOM0/MACD3/BOP0.05/ADX20/,1,2,2,1.06545
RSI50/MACD3/BOP0.05/ADX20/,1,1,1,1.126
RSI50/MOM0/BOP0.05/ADX20/,1,1,1,1.126
RSI50/MOM0/BOP0.05/ADX25/,1,2,2,1.0829
RSI50/MOM0/BOP0.05/ADX30/,1,3,3,1.0795
RSI50/MOM0/BOP0.05/ADX35/,1,3,3,1.0795
MOM0/BOP0.05/ADX20/,1,2,2,1.06545
RSI50/BOP0.05/ADX20/,1,1,1,1.126
RSI50/MOM0/MACD2/ADX20/,1,1,1,1.126
RSI50/MOM0/MACD2/ADX25/,1,3,3,1.05
RSI50/MOM0/MACD2/ADX30/,1,4,4,1.055675
RSI50/MOM0/MACD2/ADX35/,1,4,4,1.055675
MOM0/MACD2/ADX20/,1,2,2,1.06545
RSI50/MACD2/ADX20/,1,2,2,1.0889
RSI60/MACD3/BOP0.05/ADX20/,0.3333,3,1,0.984633333333333
RSI60/MACD3/BOP0.05/ADX25/,0.25,4,1,0.977075
RSI60/BOP0.05/ADX20/,0.3333,3,1,0.984633333333333
RSI60/BOP0.05/ADX25/,0.25,4,1,0.977075
RSI60/MACD2/BBANDS0.07/ADX20/,0.5,2,1,0.9798
RSI55/MACD2/BBANDS0.07/ADX20/,1,1,1,0.9807
RSI55/MACD2/BBANDS0.07/ADX25/,1,1,1,0.9807
RSI55/MACD2/BBANDS0.07/ADX30/,0.5,2,1,0.9769
RSI55/MACD2/BBANDS0.07/ADX35/,0.5,2,1,0.9769
RSI55/MACD2/BBANDS0.07/ADX40/,0.5,2,1,0.9769
RSI55/MACD2/BBANDS0.07/ADX45/,0.5,2,1,0.9769
RSI55/MACD2/BBANDS0.07/ADX50/,0.5,2,1,0.9769
RSI55/MACD2/BBANDS0.07/,0.5,2,1,0.9769
RSI45/MOM0/MACD3/BOP0.07/BBANDS0.07/ADX20/,1,1,1,1.0012
RSI45/MOM0/MACD3/BOP0.07/BBANDS0.07/ADX25/,1,1,1,1.0012
RSI45/MOM0/MACD3/BOP0.07/BBANDS0.07/ADX30/,1,1,1,1.0012
RSI45/MOM0/MACD3/BOP0.07/BBANDS0.07/ADX35/,1,1,1,1.0012
RSI45/MOM0/MACD3/BOP0.07/BBANDS0.07/ADX40/,1,1,1,1.0012
RSI45/MOM0/MACD3/BOP0.07/BBANDS0.07/ADX45/,1,1,1,1.0012
RSI45/MOM0/MACD3/BOP0.07/BBANDS0.07/ADX50/,1,1,1,1.0012
RSI45/MOM0/MACD3/BOP0.07/BBANDS0.06/,1,1,1,1.0012
RSI45/MOM0/MACD3/BOP0.07/BBANDS0.05/,1,1,1,1.0012
RSI45/MOM0/MACD3/BOP0.07/BBANDS0.04/,1,1,1,1.0012
RSI45/MOM0/MACD3/BOP0.07/BBANDS0.03/,1,1,1,1.0012
RSI45/MACD3/BOP0.07/BBANDS0.07/ADX20/,1,1,1,1.0012
RSI45/MACD3/BOP0.07/BBANDS0.07/ADX25/,1,1,1,1.0012
RSI45/MACD3/BOP0.07/BBANDS0.04/,1,1,1,1.0012
RSI45/MACD3/BOP0.07/BBANDS0.03/,1,1,1,1.0012
RSI45/MOM0/BOP0.07/BBANDS0.07/ADX20/,1,1,1,1.0012
RSI45/MOM0/BOP0.07/BBANDS0.07/ADX25/,1,1,1,1.0012
RSI45/MOM0/BOP0.07/BBANDS0.07/ADX30/,1,1,1,1.0012
RSI45/MOM0/BOP0.07/BBANDS0.07/ADX35/,1,1,1,1.0012
RSI45/MOM0/BOP0.07/BBANDS0.07/ADX40/,1,1,1,1.0012
RSI45/MOM0/BOP0.07/BBANDS0.07/ADX45/,1,1,1,1.0012
RSI45/MOM0/BOP0.07/BBANDS0.07/ADX50/,1,1,1,1.0012
RSI45/MOM0/BOP0.07/BBANDS0.06/,1,1,1,1.0012
RSI45/MOM0/BOP0.07/BBANDS0.05/,1,1,1,1.0012
RSI45/MOM0/BOP0.07/BBANDS0.04/,1,1,1,1.0012
RSI45/MOM0/BOP0.07/BBANDS0.03/,1,1,1,1.0012
RSI45/BOP0.07/BBANDS0.07/ADX20/,1,1,1,1.0012
RSI45/BOP0.07/BBANDS0.07/ADX25/,1,1,1,1.0012
RSI45/BOP0.07/BBANDS0.04/,1,1,1,1.0012
RSI45/BOP0.07/BBANDS0.03/,1,1,1,1.0012
RSI45/MOM0/MACD3/BBANDS0.07/ADX20/,1,1,1,1.0012
RSI45/MOM0/MACD3/BBANDS0.07/ADX25/,1,1,1,1.0012
RSI45/MOM0/MACD3/BBANDS0.07/ADX30/,1,1,1,1.0012
RSI45/MOM0/MACD3/BBANDS0.07/ADX35/,1,1,1,1.0012
RSI45/MOM0/MACD3/BBANDS0.07/ADX40/,1,1,1,1.0012
RSI45/MOM0/MACD3/BBANDS0.07/ADX45/,1,1,1,1.0012
RSI45/MOM0/MACD3/BBANDS0.07/ADX50/,1,1,1,1.0012
RSI45/MOM0/MACD3/BBANDS0.06/,1,1,1,1.0012
RSI45/MOM0/MACD3/BBANDS0.05/,1,1,1,1.0012
RSI45/MOM0/MACD3/BBANDS0.04/,1,1,1,1.0012
RSI45/MOM0/MACD3/BBANDS0.03/,1,1,1,1.0012
RSI45/MACD3/BBANDS0.07/ADX20/,1,1,1,1.0012
RSI45/MACD3/BBANDS0.04/,1,1,1,1.0012
RSI45/MACD3/BBANDS0.03/,1,1,1,1.0012
RSI45/MOM0/BBANDS0.07/ADX20/,1,1,1,1.0012
RSI45/MOM0/BBANDS0.07/ADX25/,1,1,1,1.0012
RSI45/MOM0/BBANDS0.07/ADX30/,1,1,1,1.0012
RSI45/MOM0/BBANDS0.07/ADX35/,1,1,1,1.0012
RSI45/MOM0/BBANDS0.07/ADX40/,1,1,1,1.0012
RSI45/MOM0/BBANDS0.07/ADX45/,1,1,1,1.0012
RSI45/MOM0/BBANDS0.07/ADX50/,1,1,1,1.0012
RSI45/MOM0/BBANDS0.06/,1,1,1,1.0012
RSI45/MOM0/BBANDS0.05/,1,1,1,1.0012
RSI45/MOM0/BBANDS0.04/,1,1,1,1.0012
RSI45/MOM0/BBANDS0.03/,1,1,1,1.0012
RSI45/BBANDS0.07/ADX20/,1,1,1,1.0012
RSI45/BBANDS0.04/,1,1,1,1.0012
RSI45/BBANDS0.03/,1,1,1,1.0012
RSI45/MOM0/MACD3/BOP0.07/ADX20/,1,1,1,1.0012
RSI45/MACD3/BOP0.07/ADX20/,1,1,1,1.0012
RSI45/MOM0/BOP0.07/ADX20/,1,1,1,1.0012
RSI45/BOP0.07/ADX20/,1,1,1,1.0012
RSI45/MOM0/MACD3/ADX20/,1,1,1,1.0012
RSI45/MACD3/ADX20/,1,1,1,1.0012
RSI45/MOM0/ADX20/,1,1,1,1.0012
RSI45/ADX20/,1,2,2,1.00305
RSI45/MOM0/MACD3/BOP0.07/BBANDS0.07/,1,1,1,1.0012
RSI45/MOM0/BOP0.07/BBANDS0.07/,1,1,1,1.0012
RSI45/MOM0/MACD3/BBANDS0.07/,1,1,1,1.0012
RSI45/MOM0/BBANDS0.07/,1,1,1,1.0012
RSI55/MOM0/MACD3/BOP0.07/BBANDS0.07/ADX20/,1,1,1,0.9834
RSI55/MOM0/MACD3/BOP0.07/BBANDS0.07/ADX25/,1,1,1,0.9834
RSI55/MOM0/MACD3/BOP0.07/BBANDS0.07/ADX30/,1,1,1,0.9834
RSI55/MOM0/MACD3/BOP0.07/BBANDS0.07/ADX35/,1,1,1,0.9834
RSI55/MOM0/MACD3/BOP0.07/BBANDS0.07/ADX40/,1,1,1,0.9834
RSI55/MOM0/MACD3/BOP0.07/BBANDS0.07/ADX45/,1,1,1,0.9834
RSI55/MOM0/MACD3/BOP0.07/BBANDS0.07/ADX50/,1,1,1,0.9834
RSI55/MOM0/MACD3/BOP0.07/BBANDS0.06/,1,1,1,0.9834
RSI55/MOM0/MACD3/BOP0.07/BBANDS0.05/,1,1,1,0.9834
RSI55/MOM0/MACD3/BOP0.05/,0.6667,3,2,0.993833333333333
RSI55/MOM0/MACD3/BOP0.03/,0.6667,3,2,0.993833333333333
RSI55/MOM0/MACD3/BOP0.01/,0.6667,3,2,0.993833333333333
RSI55/MOM0/MACD3/BOP-0.01/,0.6667,3,2,0.993833333333333
RSI55/MOM0/MACD3/BOP-0.03/,0.6667,3,2,0.993833333333333
RSI55/MOM0/MACD3/BOP-0.05/,0.6667,3,2,0.993833333333333
RSI55/MOM0/MACD3/BOP-0.07/,0.6667,3,2,0.993833333333333
RSI55/MOM0/MACD2/,0.6667,3,2,0.993833333333333
RSI55/MOM0/MACD1/,1,2,2,1.00265
RSI55/MOM0/MACD0/,1,2,2,1.00265
RSI55/MOM0/BOP0.07/BBANDS0.07/ADX20/,1,1,1,0.9834
RSI55/MOM0/BOP0.07/BBANDS0.07/ADX25/,1,1,1,0.9834
RSI55/MOM0/BOP0.07/BBANDS0.07/ADX30/,1,1,1,0.9834
RSI55/MOM0/BOP0.07/BBANDS0.07/ADX35/,1,1,1,0.9834
RSI55/MOM0/BOP0.07/BBANDS0.07/ADX40/,1,1,1,0.9834
RSI55/MOM0/BOP0.07/BBANDS0.07/ADX45/,1,1,1,0.9834
RSI55/MOM0/BOP0.07/BBANDS0.07/ADX50/,1,1,1,0.9834
RSI55/MOM0/BOP0.07/BBANDS0.06/,1,1,1,0.9834
RSI55/MOM0/BOP0.07/BBANDS0.05/,1,1,1,0.9834
RSI55/MOM0/BOP0.05/,0.6667,3,2,0.993833333333333
RSI55/MOM0/BOP0.03/,0.6667,3,2,0.993833333333333
RSI55/MOM0/BOP0.01/,0.6667,3,2,0.993833333333333
RSI55/MOM0/BOP-0.01/,0.6667,3,2,0.993833333333333
RSI55/MOM0/BOP-0.03/,0.6667,3,2,0.993833333333333
RSI55/MOM0/BOP-0.05/,0.6667,3,2,0.993833333333333
RSI55/MOM0/BOP-0.07/,0.6667,3,2,0.993833333333333
RSI55/MOM0/MACD3/BBANDS0.07/ADX20/,1,1,1,0.9834
RSI55/MOM0/MACD3/BBANDS0.07/ADX25/,1,1,1,0.9834
RSI55/MOM0/MACD3/BBANDS0.07/ADX30/,1,1,1,0.9834
RSI55/MOM0/MACD3/BBANDS0.07/ADX35/,1,1,1,0.9834
RSI55/MOM0/MACD3/BBANDS0.07/ADX40/,1,1,1,0.9834
RSI55/MOM0/MACD3/BBANDS0.07/ADX45/,1,1,1,0.9834
RSI55/MOM0/MACD3/BBANDS0.07/ADX50/,1,1,1,0.9834
RSI55/MOM0/MACD3/BBANDS0.06/,1,1,1,0.9834
RSI55/MOM0/MACD3/BBANDS0.05/,1,1,1,0.9834
RSI55/MOM0/BBANDS0.07/ADX20/,1,1,1,0.9834
RSI55/MOM0/BBANDS0.07/ADX25/,1,1,1,0.9834
RSI55/MOM0/BBANDS0.07/ADX30/,1,1,1,0.9834
RSI55/MOM0/BBANDS0.07/ADX35/,1,1,1,0.9834
RSI55/MOM0/BBANDS0.07/ADX40/,1,1,1,0.9834
RSI55/MOM0/BBANDS0.07/ADX45/,1,1,1,0.9834
RSI55/MOM0/BBANDS0.07/ADX50/,1,1,1,0.9834
RSI55/MOM0/BBANDS0.06/,1,1,1,0.9834
RSI55/MOM0/BBANDS0.05/,1,1,1,0.9834
RSI55/MOM0/MACD3/BOP0.07/ADX20/,1,1,1,0.9834
RSI55/MOM0/MACD3/BOP0.07/ADX25/,1,1,1,0.9834
RSI55/MOM0/MACD3/BOP0.07/ADX30/,1,1,1,0.9834
RSI55/MOM0/MACD3/BOP0.07/ADX35/,1,2,2,1.00265
RSI55/MOM0/MACD3/BOP0.07/ADX40/,1,2,2,1.00265
RSI55/MOM0/MACD3/BOP0.07/ADX45/,1,2,2,1.00265
RSI55/MOM0/MACD3/BOP0.07/ADX50/,1,2,2,1.00265
RSI55/MOM0/BOP0.07/ADX20/,1,1,1,0.9834
RSI55/MOM0/BOP0.07/ADX25/,1,1,1,0.9834
RSI55/MOM0/BOP0.07/ADX30/,1,1,1,0.9834
RSI55/MOM0/BOP0.07/ADX35/,1,2,2,1.00265
RSI55/MOM0/BOP0.07/ADX40/,1,2,2,1.00265
RSI55/MOM0/BOP0.07/ADX45/,1,2,2,1.00265
RSI55/MOM0/BOP0.07/ADX50/,1,2,2,1.00265
RSI55/MOM0/MACD3/ADX20/,1,1,1,0.9834
RSI55/MOM0/MACD3/ADX25/,1,1,1,0.9834
RSI55/MOM0/MACD3/ADX30/,1,1,1,0.9834
RSI55/MOM0/MACD3/ADX35/,1,2,2,1.00265
RSI55/MOM0/MACD3/ADX40/,1,2,2,1.00265
RSI55/MOM0/MACD3/ADX45/,1,2,2,1.00265
RSI55/MOM0/MACD3/ADX50/,1,2,2,1.00265
RSI55/MOM0/ADX20/,1,1,1,0.9834
RSI55/MOM0/ADX25/,1,1,1,0.9834
RSI55/MOM0/ADX30/,1,1,1,0.9834
RSI55/MOM0/ADX35/,1,2,2,1.00265
RSI55/MOM0/ADX40/,1,2,2,1.00265
RSI55/MOM0/ADX45/,1,2,2,1.00265
RSI55/MOM0/ADX50/,1,2,2,1.00265
RSI55/MOM0/MACD3/BOP0.07/BBANDS0.07/,1,1,1,0.9834
RSI55/MOM0/BOP0.07/BBANDS0.07/,1,1,1,0.9834
RSI55/MOM0/MACD3/BBANDS0.07/,1,1,1,0.9834
RSI55/MOM0/BBANDS0.07/,1,1,1,0.9834
RSI55/MOM0/MACD3/BOP0.07/,0.6667,3,2,0.993833333333333
RSI55/MOM0/BOP0.07/,0.6667,3,2,0.993833333333333
RSI55/MOM0/MACD3/,0.6667,3,2,0.993833333333333
RSI55/MOM0/,0.6667,3,2,0.993833333333333
RSI50/MOM0/MACD1/ADX25/,1,1,1,0.9842
RSI50/MOM0/MACD1/ADX30/,1,1,1,0.9842
RSI50/MOM0/MACD1/ADX35/,1,1,1,0.9842
RSI50/MOM0/MACD1/ADX40/,1,1,1,0.9842
RSI50/MOM0/MACD1/ADX45/,1,1,1,0.9842
RSI50/MOM0/MACD1/ADX50/,1,1,1,0.9842
RSI50/MACD1/ADX25/,1,3,3,1.02846666666667
RSI50/MACD1/ADX30/,1,3,3,1.02846666666667
RSI50/MACD1/ADX35/,1,3,3,1.02846666666667
RSI50/MACD1/ADX40/,1,3,3,1.02846666666667
RSI55/MACD3/BOP0.05/ADX35/,0.3333,3,1,0.989
RSI55/MACD3/BOP0.05/ADX40/,0.3333,3,1,0.989
RSI55/MACD3/BOP0.05/ADX45/,0.3333,3,1,0.989
RSI55/MACD3/BOP0.05/ADX50/,0.3333,3,1,0.989
RSI55/BOP0.05/ADX35/,0.3333,3,1,0.989
RSI55/BOP0.05/ADX40/,0.3333,3,1,0.989
RSI55/BOP0.05/ADX45/,0.3333,3,1,0.989
RSI55/BOP0.05/ADX50/,0.3333,3,1,0.989
RSI60/MACD3/BOP0.07/BBANDS0.05/,0.4,5,2,0.9822
RSI60/BOP0.07/BBANDS0.05/,0.4,5,2,0.9822
RSI60/MACD3/BOP0.07/BBANDS0.04/,0.6667,3,2,0.991766666666667
RSI60/MACD3/BOP0.07/BBANDS0.03/,0,1,0,0.9792
RSI60/BOP0.07/BBANDS0.04/,0.6667,3,2,0.991766666666667
RSI60/BOP0.07/BBANDS0.03/,0,1,0,0.9792
RSI60/MACD3/BBANDS0.03/,0,1,0,0.9792
RSI60/BBANDS0.03/,0,1,0,0.9792
RSI55/MOM0/MACD3/BOP0.05/ADX35/,1,1,1,1.0219
RSI55/MOM0/MACD3/BOP0.05/ADX40/,1,1,1,1.0219
RSI55/MOM0/MACD3/BOP0.05/ADX45/,1,1,1,1.0219
RSI55/MOM0/MACD3/BOP0.05/ADX50/,1,1,1,1.0219
RSI55/MOM0/BOP0.05/ADX35/,1,1,1,1.0219
RSI55/MOM0/BOP0.05/ADX40/,1,1,1,1.0219
RSI55/MOM0/BOP0.05/ADX45/,1,1,1,1.0219
RSI55/MOM0/BOP0.05/ADX50/,1,1,1,1.0219
RSI55/MOM0/MACD2/ADX35/,1,1,1,1.0219
RSI55/MOM0/MACD2/ADX40/,1,1,1,1.0219
RSI55/MOM0/MACD2/ADX45/,1,1,1,1.0219
RSI55/MOM0/MACD2/ADX50/,1,1,1,1.0219
RSI35/MACD2/BBANDS0.06/,1,1,1,1.0458
RSI35/MACD2/BBANDS0.05/,1,1,1,1.0458
RSI30/MACD2/BBANDS0.06/,1,1,1,1.0458
RSI30/MACD2/BBANDS0.05/,1,1,1,1.0458
RSI35/BBANDS0.06/,1,1,1,1.0458
RSI35/BBANDS0.05/,1,1,1,1.0458
RSI35/MACD3/BBANDS0.06/,1,1,1,1.0458
RSI35/MACD3/BBANDS0.05/,1,1,1,1.0458
RSI30/MACD3/BBANDS0.06/,1,1,1,1.0458
RSI30/MACD3/BBANDS0.05/,1,1,1,1.0458
RSI30/BBANDS0.06/,1,1,1,1.0458
RSI30/BBANDS0.05/,1,1,1,1.0458
RSI35/MACD2/BBANDS0.07/,1,1,1,1.0458
RSI30/MACD2/BBANDS0.07/,1,1,1,1.0458
RSI35/BBANDS0.07/,1,2,2,1.0917
RSI35/MACD3/BBANDS0.07/,1,2,2,1.0917
RSI30/MACD3/BBANDS0.07/,1,1,1,1.0458
RSI30/BBANDS0.07/,1,1,1,1.0458
RSI60/MOM0/MACD3/BOP0.07/BBANDS0.07/ADX50/,0.75,4,3,1.0375
RSI60/MOM0/BOP0.07/BBANDS0.07/ADX50/,0.75,4,3,1.0375
RSI60/MOM0/MACD3/BOP0.07/BBANDS0.07/,0.75,4,3,1.0375
RSI60/MOM0/BOP0.07/BBANDS0.07/,0.75,4,3,1.0375
RSI35/MACD3/BOP0.07/BBANDS0.07/ADX40/,1,1,1,1.1376
RSI35/MACD3/BOP0.07/BBANDS0.07/ADX45/,1,1,1,1.1376
RSI35/MACD3/BOP0.07/BBANDS0.07/ADX50/,1,1,1,1.1376
RSI35/BOP0.07/BBANDS0.07/ADX40/,1,1,1,1.1376
RSI35/BOP0.07/BBANDS0.07/ADX45/,1,1,1,1.1376
RSI35/BOP0.07/BBANDS0.07/ADX50/,1,1,1,1.1376
RSI35/MACD3/BBANDS0.07/ADX40/,1,1,1,1.1376
RSI35/MACD3/BBANDS0.07/ADX45/,1,1,1,1.1376
RSI35/MACD3/BBANDS0.07/ADX50/,1,1,1,1.1376
RSI35/BBANDS0.07/ADX40/,1,1,1,1.1376
RSI35/BBANDS0.07/ADX45/,1,1,1,1.1376
RSI35/BBANDS0.07/ADX50/,1,1,1,1.1376
RSI35/MACD3/BOP0.07/BBANDS0.07/,1,1,1,1.1376
RSI35/BOP0.07/BBANDS0.07/,1,1,1,1.1376
RSI60/MOM0/MACD3/BOP0.07/BBANDS0.06/,0.6667,3,2,1.02993333333333
RSI60/MOM0/MACD3/BOP0.07/BBANDS0.05/,0.5,2,1,0.9851
RSI60/MOM0/BOP0.07/BBANDS0.06/,0.6667,3,2,1.02993333333333
RSI60/MOM0/BOP0.07/BBANDS0.05/,0.5,2,1,0.9851
MOM0/MACD2/BBANDS0.03/,0,1,0,0.9685
MOM0/MACD2/BBANDS0.02/,0,1,0,0.9685
MACD2/BBANDS0.02/,0,1,0,0.9685
RSI35/MACD3/BOP0.05/ADX30/,1,1,1,1.0063
RSI35/MACD3/BOP0.05/ADX35/,1,1,1,1.0063
RSI35/BOP0.05/ADX30/,1,1,1,1.0063
RSI35/BOP0.05/ADX35/,1,1,1,1.0063
RSI35/MACD2/ADX30/,1,1,1,1.0063
RSI35/MACD2/ADX35/,1,1,1,1.0063
RSI35/MACD3/BOP0.07/ADX30/,1,1,1,1.0063
RSI35/MACD3/BOP0.07/ADX35/,1,1,1,1.0063
RSI35/BOP0.07/ADX30/,1,1,1,1.0063
RSI35/BOP0.07/ADX35/,1,1,1,1.0063
RSI35/MACD3/ADX30/,1,1,1,1.0063
RSI35/MACD3/ADX35/,1,1,1,1.0063
RSI35/ADX30/,1,1,1,1.0063
RSI35/ADX35/,1,1,1,1.0063
RSI60/MOM0/MACD3/BOP0.07/BBANDS0.07/ADX25/,1,1,1,1.1196
RSI60/MOM0/MACD3/BOP0.07/BBANDS0.07/ADX30/,1,1,1,1.1196
RSI60/MOM0/MACD3/BOP0.07/BBANDS0.07/ADX35/,1,2,2,1.05885
RSI60/MOM0/MACD3/BOP0.07/BBANDS0.07/ADX40/,1,2,2,1.05885
RSI60/MOM0/MACD3/BOP0.07/BBANDS0.07/ADX45/,1,2,2,1.05885
RSI60/MOM0/BOP0.07/BBANDS0.07/ADX25/,1,1,1,1.1196
RSI60/MOM0/BOP0.07/BBANDS0.07/ADX30/,1,1,1,1.1196
RSI60/MOM0/BOP0.07/BBANDS0.07/ADX35/,1,2,2,1.05885
RSI60/MOM0/BOP0.07/BBANDS0.07/ADX40/,1,2,2,1.05885
RSI60/MOM0/BOP0.07/BBANDS0.07/ADX45/,1,2,2,1.05885
RSI60/MOM0/MACD3/BBANDS0.07/ADX25/,1,1,1,1.1196
RSI60/MOM0/BBANDS0.07/ADX25/,1,1,1,1.1196
RSI60/MOM0/MACD3/BOP0.07/ADX25/,1,1,1,1.1196
RSI60/MOM0/BOP0.07/ADX25/,1,1,1,1.1196
RSI60/MOM0/MACD3/ADX25/,1,1,1,1.1196
RSI60/MOM0/ADX25/,1,1,1,1.1196
RSI55/MACD3/BOP0.05/ADX20/,0,1,0,0.977
RSI55/MACD3/BOP0.05/ADX25/,0,1,0,0.977
RSI55/MACD3/BOP0.05/ADX30/,0,1,0,0.977
RSI55/BOP0.05/ADX20/,0,1,0,0.977
RSI55/BOP0.05/ADX25/,0,1,0,0.977
RSI55/BOP0.05/ADX30/,0,1,0,0.977
RSI50/MACD1/ADX20/,1,1,1,1.0518
RSI50/MACD-1/,1,1,1,1.0095
RSI40/MOM0/MACD-1/,1,1,1,1.1454
RSI40/MACD-1/,1,1,1,1.1454
RSI40/MOM0/MACD3/BOP0.05/ADX20/,1,1,1,1.0049
RSI40/MACD3/BOP0.05/ADX20/,1,1,1,1.0049
RSI40/MOM0/BOP0.05/ADX20/,1,1,1,1.0049
RSI40/BOP0.05/ADX20/,1,1,1,1.0049
RSI40/MOM0/MACD2/ADX20/,1,1,1,1.0049
RSI40/MACD2/ADX20/,1,1,1,1.0049
RSI40/MOM0/MACD3/BOP0.07/ADX20/,1,1,1,1.0049
RSI40/MACD3/BOP0.07/ADX20/,1,1,1,1.0049
RSI40/MOM0/BOP0.07/ADX20/,1,1,1,1.0049
RSI40/BOP0.07/ADX20/,1,1,1,1.0049
RSI40/MOM0/MACD3/ADX20/,1,1,1,1.0049
RSI40/MACD3/ADX20/,1,1,1,1.0049
RSI40/MOM0/ADX20/,1,1,1,1.0049
RSI40/ADX20/,1,1,1,1.0049
RSI60/MOM0/MACD3/BOP0.07/BBANDS0.04/,1,1,1,0.9981
RSI60/MOM0/BOP0.07/BBANDS0.04/,1,1,1,0.9981
Default,0.6698,212,142,1.00944103773585
