Symbol,ADX,BBands,BOP,MACD,MOM,RSI,Gain
APO,31.805,0.131090529,0.5269,0.7233,0.039856588,67.5675,1.061965181
ACRE,14.584,0.064170543,-0.7534,-0.014,-0.012093023,38.8322,0.99529321
CVI,56.0003,0.199049409,0.6351,1.7171,0.08566058,86.5936,0.953488372
CVRR,43.9797,0.348350453,0.8444,0.9625,0.167371601,88.7247,0.965417867
CEVA,20.7878,0.052177681,-0.2941,-0.1786,0.015817985,53.8536,0.965778252
CHDN,61.824,0.055034809,-0.0783,2.5248,0.014697035,76.9808,1.090851867
EMES,13.2556,0.167482615,-0.6331,-0.155,0.005841446,41.1978,1.17
EQIX,24.2014,0.066703588,-0.3794,-4.5457,-0.004629098,47.7314,1.004555809
EL,62.4799,0.053228544,0.3415,1.529,0.012055957,76.1752,1.075739049
FB,21.5751,0.040959991,0.0324,-0.0123,-0.007367109,55.7894,1.045434519
GOOD,20.2315,0.12957265,-0.8079,-0.3596,-0.028774929,39.9652,0.902173913
GLBZ,36.0146,0.031005789,-0.5527,0.0053,0.002945007,49.9662,1.058858407
GRPN,36.4968,0.212,-0.6627,-0.0813,-0.092941176,52.424,1.039923954
GPOR,19.7648,0.11531348,-0.142,-0.0551,0.013636364,45.6239,0.830572289
HCLP,16.7512,0.097476636,0.0787,0.023,-0.060747664,55.1211,1.198198198
HFC,64.5606,0.211362749,0.7265,2.2614,0.081452558,90.9905,0.923933922
NSP,62.8797,1.999187446,-0.9554,-14.4784,-1.014298169,23.7862,1.077787381
KMT,47.2372,0.094620946,0.4079,1.0598,0.036314811,71.6425,0.995367573
LSI,27.6985,0.02845627,-0.1604,0.3379,-0.015920063,67.4258,0.940398835
MSBF,25.9167,0.015235955,0.1111,0.032,0.007308989,53.3581,0.988764045
MRO,37.4451,0.21266391,0.6504,0.6166,0.110691081,77.5413,1.052328925
MDR,17.2652,0.213343465,-0.5563,-0.1339,-0.101823708,43.063,1.269590223
MUR,28.3729,0.170904992,0.6556,0.9328,0.095330113,68.9164,1.027371695
MUSA,21.1682,0.086981085,0.2619,1.1796,0.030363365,64.6301,1.065225402
NYT,25.5754,0.072810811,-0.1,0.1017,0.03027027,51.7299,1.255936675
NEWT,24.6951,0.098269335,0.399,0.2701,-0.020335316,61.9124,0.943807642
NOVT,57.1831,0.162276,0.1917,0.3456,0.0248,58.6892,1.166830226
DNOW,35.2292,0.142429737,0.4184,0.0615,0.06582049,40.3398,1.018819504
OXY,47.7869,0.096877545,0.503,1.4239,0.049660603,80.5568,1.012786003
PXD,33.7748,0.178643911,0.6358,5.1639,0.087682962,71.2821,1.055457395
QTWO,26.2573,0.207457259,-0.8655,-1.3094,-0.057259159,31.1423,1.112565445
REG,23.6955,0.050980052,0.2987,0.615,0.007487713,62.7788,0.902472232
SPAR,57.8823,0.146120635,-0.0758,0.4053,0.064126984,62.9152,0.890282132
X,24.8178,0.250554135,0.8587,1.782,0.069281046,75.3655,1.043780032
VOYA,45.7749,0.206225996,0.5372,2.0997,0.091974934,73.0316,1.06074813
WPX,22.2709,0.162956645,0.5107,0.4882,0.102771855,72.7904,1.036344756
ACIW,15.0566,0.035438906,-0.1351,-0.1529,0.005205117,47.1842,1.021748586
ANIP,54.6319,0.174187742,-0.6448,-0.3613,-0.065259891,58.0339,0.995205579
AYR,26.232,0.063710988,-0.6042,0.0151,0.005386917,51.8776,1.020745131
AGI,15.8968,0.12577573,0.2317,0.0352,0.053456221,45.9464,0.894387001
AOI,26.7312,0.118701887,0.125,0.2623,0.045283019,54.3178,0.970695971
AMCX,23.9218,0.089818787,0.3621,0.9917,0.023816568,48.3386,0.978408051
AVD,26.0012,0.101089059,-0.1471,-0.0836,0.048854962,47.6915,1.090909091
AMGP,19.8146,0.122890467,0.7991,0.1923,0.001318458,56.3674,1.024993992
AIZ,17.5592,0.040696152,-0.0533,0.6557,0.0200119,57.6458,0.913870411
BLDP,49.9166,0.140362812,-0.5507,-0.0944,-0.050793651,49.3387,0.848888889
BIO,28.9246,0.172561277,-0.9417,-3.005,-0.048996522,48.0836,1.094677246
BXP,21.0836,0.058444974,0.4707,0.9585,0.02279474,61.0345,0.961500115
EPAY,63.389,0.086516724,0.3188,0.4007,0.01372549,65.2097,1.057273769
CZR,25.8432,0.084616601,-0.3846,-0.0762,-0.007114625,53.0132,1.097276265
CALA,37.2332,0.406203593,-0.7227,-0.9446,-0.052694611,25.7413,0.907103825
CNQ,17.8501,0.100705487,0.3771,0.2322,0.034994401,61.3207,0.951146288
CRCM,33.3527,0.100554324,-0.3644,0.0745,-0.00232816,56.8647,1.007494647
CECO,38.5259,0.12192053,-0.8797,-0.0422,-0.027317881,60.7523,0.9888977
CWST,50.058,0.125855778,0.6271,0.6522,0.062033015,85.9245,1.112481752
CAVM,41.1813,0.036366456,-0.4696,1.1936,-0.00598831,66.4601,1.037676791
CVE,21.8874,0.25253012,-0.3333,-0.2388,-0.033515882,47.059,1.002561475
CI,59.8101,0.05578315,-0.8776,0.867,-0.020631247,65.2142,1.072641233
CSBK,28.9322,0.024222222,-0.1964,0.0646,0.01625731,56.5143,0.94837587
DCT,24.6583,0.057710105,-0.4148,-0.3598,-0.01623001,52.5242,1.00254065
DDR,31.3267,0.262901786,0.7414,0.2242,0.114508929,53.3031,0.900328587
DZSI,38.2792,0.212980562,0.5879,0.2939,0.134557235,75.9698,1.020084567
DWCH,32.6084,0.078084211,0.2209,-0.2376,0.021052632,43.5667,1.247368421
DXCM,19.8878,0.129600976,-0.11,0.5847,-0.032444677,48.2206,1.006047371
ESIO,62.3443,0.157116192,-0.571,-0.1425,0.054876342,62.2292,1.124540441
EEP,25.4219,0.108095583,-0.5921,-0.0743,-0.044170891,39.5033,1.015148074
ECPG,32.4928,0.119904988,-0.7889,-0.8814,-0.051306413,41.1617,1.001187648
ERII,40.7868,0.383314286,-0.965,-0.1965,-0.177371429,49.0318,0.887292818
EOG,38.6251,0.135613011,0.4102,1.9277,0.073728107,69.6139,1.057957766
EXEL,28.5305,0.204263158,0.5915,0.9929,0.125789474,65.7778,0.994591155
FSS,56.5415,0.090014933,-0.5983,-0.1672,0.020905923,50.2125,1.02200489
FEYE,26.1275,0.055042254,0.1933,-0.0408,0.016056338,42.5865,1.048490437
GCI,30.2462,0.06308887,0.1356,0.2938,0.052976704,67.6403,1.029134533
GNK,20.6993,0.226156156,0.6014,0.5171,0.066366366,62.4646,0.999940209
BGC,46.4146,0.425054054,0.9127,1.6796,-0.008445946,83.6385,1.002525253
GPRO,17.0787,0.158150594,-0.687,-0.2346,-0.035667107,33.094,0.73601506
HIIQ,21.9417,0.252649299,0.2038,0.5833,0.018036072,53.7269,1.003846154
HUBS,30.5396,0.162350679,0.3877,2.0517,0.045248869,64.6409,1.08759733
HBM,16.5395,0.316431818,0.5778,0.3218,0.163636364,63.0431,0.956756757
HPP,19.8275,0.078727007,-0.528,-0.2942,-0.019386861,51.6695,0.931546752
IO,55.9052,0.575179747,0.889,1.9183,0.322025316,83.7419,0.900497512
FRAC,17.7309,0.324039979,0.7368,0.9733,0.174224093,70.6895,0.881224066
KEM,36.9257,0.114621514,-0.0997,-0.494,0.030810093,39.8346,1.305590851
KL,50.957,0.185013021,0.3975,0.3533,0.087630208,67.856,0.945544554
LPSN,32.4049,0.153443478,0.2581,-0.0761,0.02173913,44.2193,1.019027484
MGPI,58.244,0.069929761,0.3258,0.8959,0.016155047,77.7135,1.137067338
TUSK,23.359,0.170208864,0.1475,0.3413,0.079113602,59.3212,1.111004785
VAC,58.9857,0.04610162,0.0853,0.7708,0.027172546,61.4432,1.130390144
MDC,20.8871,0.197609787,-0.8084,-0.4945,0.013174404,42.3552,1.046304814
MOH,29.8594,0.07247783,-0.2257,0.7548,0.024021909,60.2713,1.187739954
NRG,38.39,0.046488764,0.2863,0.0046,-0.007935393,65.0952,0.906896552
NC,28.5485,0.175968127,-0.8881,-1.2454,-0.060557769,33.0312,1.082697201
NBIX,37.6953,0.123379301,0.5799,0.8908,0.037221291,72.4334,1.106691229
OCLR,16.9316,0.099198813,-0.3367,-0.0573,-0.056379822,35.35,0.855714286
OMF,25.8405,0.052804925,0.0362,-0.2534,-0.0287803,45.769,1.270722433
OA,63.5423,0.010795437,-0.3627,-0.0499,-0.001642586,71.4993,1.003560606
PBF,49.0283,0.147520451,0.6149,0.9881,0.062115656,78.449,0.8932306
PH,52.2576,0.092350937,0.6924,4.0772,0.032768815,83.7078,1.032949504
PEI,21.3949,0.138149706,0.4171,0.2208,0.0627418,60.8903,0.912070344
PDM,24.5466,0.051881693,-0.2797,-0.0861,-0.022641509,41.1706,0.99137931
PUMP,47.0008,0.108055556,0.3808,0.7466,0.049702381,84.2847,0.947035957
QDEL,36.1186,0.196913495,0.5888,1.4704,0.093564014,64.328,1.052949062
RCMT,47.0347,0.266592,-0.3862,-0.1173,-0.1515168,50.6936,1.017338856
RFP,71.774,0.308561086,0.7551,0.6881,0.161085973,86.006,1.026086957
RSO,19.8044,0.09018143,-0.9014,-0.1407,-0.030736393,34.3443,1.006355932
SRCI,22.3054,0.167456038,-0.2545,-0.0081,0.023212192,50.6519,1.186363636
SD,24.0919,0.207005221,0.5331,0.1665,0.043569056,63.2341,0.858007449
SWM,45.1058,0.084550265,-0.0029,0.5155,0.034126984,65.0842,1.010199653
SGMS,60.8133,0.082062378,-0.2105,0.1872,-0.022417154,68.4151,0.918446602
SHEN,21.2962,0.182798817,-0.7686,-0.8767,-0.038017751,42.7371,1.002936858
SP,30.1932,0.091994609,-0.6462,-0.2061,-0.026954178,47.1053,1.052631579
SFM,31.7189,0.069716632,0.5356,0.7839,0.035564682,66.6175,1.134282277
SGY,31.6277,0.355062189,0.6757,0.7896,0.205970149,61.7814,1.094793861
TDY,58.4465,0.032709909,-0.4995,0.9464,0.00961634,69.4252,1.066735336
TRNO,37.0893,0.12693668,-0.7754,-0.5464,-0.04740445,41.7256,1.013667426
CC,25.7613,0.120910907,-0.1413,-0.3938,0.042309229,50.7731,1.017751594
TACT,40.9131,0.037464151,-0.2,0.0465,-0.022641509,67.9687,1.107526882
TNET,47.3231,0.028818223,-0.1306,0.6334,0.011231394,74.481,0.999550461
UNT,19.5123,0.222181818,0.052,0.3874,0.092727273,57.7906,1.087494476
OLED,45.3013,0.05120417,-0.2369,1.7073,0.019113814,66.1388,0.94638503
WSR,20.4151,0.044802221,-0.292,0.0635,0.003053435,61.021,0.906896552
XPO,52.7505,0.283653237,0.6834,3.8582,0.154864068,89.4252,1.040305245
ZEN,25.283,0.032748227,0.0762,0.0884,-0.003664303,59.5328,1.148668423
AKR,24.4366,0.027404971,-0.4746,-0.2656,0.000146199,40.2647,0.884395132
AAV,43.609,0.30055814,-0.3913,-0.2141,0.046511628,33.6139,0.736263736
AJRD,30.0441,0.078275641,-0.1064,0.2563,0.024807692,55.2012,0.898901413
AMH,25.2209,0.041364469,0.25,0.036,-0.003021978,48.9282,0.951509607
APA,14.8997,0.157678825,-0.0108,0.292,0.068308858,48.2271,1.02294197
PETX,20.9505,0.122661597,-0.5613,-0.2281,-0.057414449,37.1665,0.912
ABUS,29.6234,0.285148515,-0.3793,-0.2369,0.021782178,47.2297,0.949163636
ANET,41.522,0.084786484,0.0889,4.9166,0.060573903,72.6499,1.160788669
AINC,38.5293,0.237729032,0.0118,2.9506,0.078215054,62.297,0.910931174
ASV,58.7885,0.315665025,0.836,0.4364,0.165136946,83.2108,0.8125
ACLS,38.8686,0.106599303,-0.8866,-0.7047,0.011498258,48.8235,0.889816361
BAS,22.3377,0.114929697,0.1714,0.7532,0.039028547,59.3216,0.812145749
BNFT,35.2167,0.017903704,0.0145,0.0241,0.001481481,40.4272,0.930656934
BH,24.4403,0.322462355,0.7649,19.3049,0.076703668,70.1915,1.006830958
BL,28.9222,0.131006098,-0.8961,-0.2674,-0.014939024,42.0813,0.988425104
WIFI,51.0331,0.104675556,-0.7629,-0.0407,0.015555556,53.4378,1.067484663
BOOT,48.3582,0.22127634,0.5363,1.1391,0.117158338,80.4982,1.002280502
CARB,36.2036,0.117904382,0.3694,0.5515,0.070517928,66.9288,0.998039216
CBL,37.681,0.032120141,0.0278,-0.1043,0.041696113,23.2698,0.94295302
COHU,28.6958,0.054505695,-0.2983,-0.3818,0.007015945,47.8253,1.055017606
CLCT,32.7696,0.090132682,-0.0906,0.6604,0.013547486,61.5797,0.973267495
CORT,26.7319,0.1486268,0.0208,0.0447,0.055260244,57.41,1.316531165
CYRX,28.962,0.301909197,0.583,0.3813,0.02677532,61.971,1.039325843
DXPE,16.5526,0.121487995,0.4514,0.4992,0.066012851,51.8991,1.126453488
DGICB,20.8106,0.201786887,0.7036,-0.26,-0.055485482,53.4084,0.99392247
DVAX,37.0148,0.07171123,-0.3651,-0.0728,0.032620321,53.3665,0.874673629
ESTE,20.1954,0.215954845,0.6022,0.3656,0.089369708,58.9163,0.895246479
ERI,61.0196,0.115571644,0.6741,1.0662,0.004826546,83.4367,1.051051051
EVC,37.274,0.108195804,0.0588,0.2432,-0.036363636,63.6056,1.003472222
EVH,39.0396,0.135268293,-0.2797,0.0344,0.008130081,32.3814,1.1
FTAI,38.3059,0.175373808,0.7763,0.4819,0.079578525,79.0448,0.901394422
HDP,47.6414,0.094818498,0.3858,0.4773,0.027747389,70.8457,0.970226843
HY,56.514,0.04684124,0.0515,0.8674,0.029168624,61.2262,1.003977704
IEP,18.6499,0.034237736,-0.0068,-0.3637,0.00909434,47.3121,1.079633028
INTT,24.3492,0.059583815,-0.1031,-0.0559,0.007514451,52.6302,1.017045455
LNTH,31.2412,0.136303178,-0.6721,-0.0128,0.030317848,55.5455,1.122065728
MRC,19.8944,0.097316785,0.7285,0.2414,0.053782506,54.628,1.066666667
MSG,15.8799,0.048342424,-0.5992,-1.337,-0.000493242,44.741,1.023167114
PK,33.4662,0.046107826,-0.3041,0.0962,0.023652174,56.9671,1.007243877
PCTY,15.9306,0.0806743,0.2656,-0.1255,0.010135708,48.7336,1.100626305
RMP,21.6902,0.082934327,0.2487,-0.0282,-0.021145785,54.0459,0.940258582
ROG,69.5877,0.059467638,0.0715,1.4401,0.015167984,74.8346,0.974212034
RST,39.2449,0.097193264,0.1472,0.2905,-0.025020048,67.2985,1.020684169
SPXC,41.3038,0.045262823,-0.25,0.2457,0.028352979,64.4559,0.990378647
SEM,22.7383,0.088532578,-0.0541,-0.1084,0.011331445,53.2746,1
SRG,28.5651,0.027656945,-0.1598,-0.2091,-0.002372714,35.7833,1.023175542
SWIR,14.7236,0.11791687,-0.86,-0.1801,-0.025427873,39.8246,0.928398577
SOI,37.2896,0.373638487,0.8264,1.2844,0.149462868,77.9705,0.877505568
SPKE,40.9452,0.281483871,-0.0308,-0.418,-0.123387097,37.1351,0.813765182
JOE,11.7453,0.042393352,-0.7143,-0.075,-0.021052632,42.4954,1.038461538
STAG,19.7825,0.054189535,-0.6904,-0.1974,-0.020709843,43.2454,0.922432629
STMP,27.6546,0.158496809,0.7983,0.9069,0.070957447,53.8952,1.1094201
SMLP,33.4299,0.100331707,0.6042,0.2568,0.010731707,49.0585,1.027522936
TEGP,28.0476,0.129075369,0.8786,0.2234,0.033644134,54.9011,0.956790123
TEP,28.5595,0.051973828,0.5765,0.4181,0.011166848,48.8528,0.972626176
TIVO,20.8006,0.337025641,-0.5238,-0.9511,-0.073076923,39.7618,0.914285714
TRUP,60.0599,0.153037239,-0.1527,0.1476,-0.026853434,57.1255,1.226967048
USAK,49.6309,0.06674021,-0.3222,0.3891,0.014230557,76.1567,1.085392052
UNVR,21.4082,0.098947028,0.4461,0.4154,0.060658915,59.6272,0.983306581
VRNS,54.5815,0.149713697,-0.421,-0.0147,0.007209063,63.6351,1.126530612
VECO,48.2059,0.38786532,-0.2264,-0.4189,0.107744108,37.2033,1.039513678
ATSG,40.3171,0.07554019,-0.4045,-0.1738,-0.00812446,46.7064,1.054545455
AEL,22.1463,0.074780345,-0.4134,0.3446,-0.006508298,56.9531,1.088094478
ANDE,17.8549,0.066972713,-0.4898,-0.1099,-0.017977528,40.0045,1.096062992
APPF,37.3051,0.034077108,-0.3467,-0.5368,-0.003855422,46.9674,1.022619048
CNTY,24.428,0.181730559,0.1172,0.2581,0.047535597,60.1907,0.988222698
FMC,26.6053,0.099761251,0.0189,0.8614,0.055546165,62.7439,0.965190203
HRTX,19.6569,0.247911602,0.1209,0.6334,0.157734807,62.5171,1.25
IPCC,26.7447,0.029871698,-0.3067,0.5208,-0.003773585,64.3544,0.962858486
JLL,45.7938,0.033418384,-0.3513,1.246,0.008648358,70.1589,1.022135206
LGL,21.7503,0.038060313,-0.346,-0.0121,0.011297041,51.4377,0.994827586
LPX,24.3615,0.04770754,-0.7676,-0.1629,-0.016603199,47.313,1.129671151
MTW,74.0299,0.043624809,-0.2664,3.2053,0.002592781,91.6698,1.0507074
MCHP,35.2797,0.034897588,0.2556,-0.1731,0.022598999,49.1616,1.062624254
NSSC,18.8881,0.314605714,-0.5111,-0.3057,-0.034285714,44.9346,1.056497175
NSA,29.3795,0.062105649,0.1987,0.3855,0.042039618,74.398,0.928090297
ONDK,31.1456,0.24466899,0.3247,0.2102,0.064111498,69.7112,0.772460118
ON,42.9728,0.11451767,0.3647,0.173,0.073065903,65.7256,1.149504091
PARR,26.7397,0.107323651,-0.7723,-0.1625,-0.044917012,46.5561,0.935434672
PRIM,26.5571,0.067679294,-0.3971,0.1,-0.001471129,49.3547,0.951316264
SNHY,62.6711,0.183394651,0.4268,1.5789,0.118163549,79.1022,0.991911765
TXMD,23.6233,0.171390728,-0.1985,0.0203,-0.102980132,53.9657,0.987261146
ZAYO,21.3624,0.093771739,0.4441,0.3705,0.016304348,62.2231,0.997555676
ACNB,16.6791,0.056236887,0.2821,0.4715,0.033164129,60.7454,1.016666667
AKCA,20.4706,0.171705069,-0.3516,0.0555,-0.01359447,47.3754,1.344264675
AMED,19.4464,0.071352685,-0.22,-0.2041,-0.011990135,47.3987,0.999816041
APLE,31.0527,0.033329934,0.1635,0.1036,0.001223865,62.6135,1.006609049
AAOI,21.9145,0.204241142,-0.788,-1.1066,-0.024272871,34.8297,0.860794429
ASH,27.8257,0.065488764,-0.6511,0.4919,0.010758427,53.5018,0.996860068
CKX,33.7538,0.10348723,-0.3333,-0.1538,-0.049013752,38.9311,1.009420432
CSWC,25.073,0.054271903,-0.3889,-0.1055,-0.019456193,43.8234,0.974025974
CRZO,29.5284,0.210272556,0.3573,0.7616,0.078007519,62.1794,0.888020833
CBOE,83.2604,0.024705033,0.0241,1.5547,-0.014238703,85.1589,1.080766161
CDEV,38.4569,0.139212121,-0.3153,0.1356,0.048080808,57.6141,1.052160954
XEC,23.8398,0.131869519,0.3519,1.4872,0.072026883,63.345,0.909760152
CLAR,23.0094,0.024968153,0.2,0.1011,0.01910828,68.1411,0.944572486
COHR,24.7289,0.063266246,-0.269,-0.0322,-0.009467791,54.5078,0.927401111
CVGI,47.9766,0.07878391,-0.328,0.1944,0.034611787,66.7926,1.106100796
CLR,51.0356,0.173611478,0.6877,2.0712,0.097300359,79.8168,1.027634488
CROX,47.0703,0.298164557,0.6157,0.6723,0.150791139,72.4975,1.069337442
FANG,35.1925,0.23269703,0.7491,4.4738,0.109433663,80.4745,0.991892735
DIOD,32.4501,0.040613882,-0.1829,-0.4295,0.035647018,44.8788,0.978817902
DXC,51.7357,0.016491043,-0.2508,0.1867,0.001580611,66.8967,1.062899006
ETP,37.5499,0.133950893,0.6119,0.2917,0.056361607,49.9856,1.059599156
ETSY,50.6415,0.321721271,0.726,1.0491,0.054767726,71.2716,0.905848787
EVBG,36.5693,0.174939435,0.542,0.7436,0.086742934,68.0701,1.102461743
EXTN,16.9807,0.095909669,0.2,0.1893,0.062086514,58.2936,0.900340452
EXTR,28.1717,0.090846645,-0.0838,-0.0035,0.001277955,57.4126,1.221523959
FBM,24.3741,0.079756592,-0.2515,0.1864,0.022853279,59.2827,1.064333333
GFN,64.1241,0.1075,0.6188,0.1003,0.016176471,78.3319,1.021582734
GECC,37.4688,0.064136179,-0.2574,-0.012,0.014227642,43.1009,1.013981859
GRBK,33.5676,0.087132743,-0.5714,0.0053,-0.021238938,57.615,0.966527197
GDOT,70.5402,0.034679721,-0.35,0.247,0.000896117,66.5698,1.029616148
HAIN,20.8302,0.090592121,0.3023,0.6258,0.030903515,58.4344,0.902364786
IAG,20.6666,0.207066895,0.3925,0.0804,0.093310463,54.1344,0.964955175
IIN,57.7299,0.212222222,0.4206,1.1993,0.091414141,86.6033,0.975550122
KREF,17.1695,0.066406797,-0.2846,-0.0489,-0.029985007,38.718,0.980079681
KERX,33.7963,0.079827957,-0.2593,-0.149,0.000860215,31.3039,0.971639676
LGIH,68.4101,0.089478875,0.3452,2.7581,0.04990004,94.5305,0.909767229
LXP,20.6956,0.128,-0.8195,-0.1772,-0.037720207,32.248,0.930927835
CLI,52.8073,0.05512987,-0.5593,-0.1742,0.007235622,26.8848,0.923639689
MTDR,33.2594,0.211236749,0.4527,0.8809,0.116864761,67.6744,1.027069562
MYE,25.3595,0.149251282,-0.6964,-0.3668,0.004102564,45.876,1.077114428
NKTR,57.9185,0.161496986,0.4579,4.4162,0.072069658,93.5641,1.414809851
OCIP,34.7459,0.162086957,0.5714,0.2235,0.059627329,58.8765,1.056882727
OTEL,66.9963,0.1,0.6875,0.4356,0.017763296,78.3426,1.053191489
PRCP,45.3674,0.09971134,-0.6821,0.0239,0.005257732,65.5365,1.081704545
PICO,42.9574,0.079421875,-0.3077,-0.6222,-0.0015625,29.9618,1.02734375
PNK,67.9027,0.102652001,0.5962,1.1163,0.049618087,94.0752,0.993932039
PTGX,35.6362,0.149596154,0.3334,0.6984,0.103365385,69.1923,1.065498155
RSPP,29.3267,0.172615536,0.6128,1.1649,0.089233038,68.6175,0.978881689
REN,26.9049,0.25423578,0.1876,0.4758,0.129583731,54.2563,1.061490683
RTRX,20.3857,0.072804936,-0.6183,-0.0483,0.025533935,41.3232,1.100044464
SBOW,26.8857,0.332059219,0.964,1.0881,0.120323015,76.4894,1.021421121
SWX,21.4984,0.116689861,-0.7556,-0.4653,-0.010437376,49.0381,0.907321879
SYNL,19.2905,0.090537313,0.2473,-0.0008,0.030598507,57.1521,1.00952381
TRHC,39.8563,0.329212121,-0.8042,-0.4928,0.020677362,53.2208,1.244492655
TTWO,46.4225,0.056166879,-0.087,-0.5667,0.009364183,60.6406,1.13000796
TSRO,38.6582,0.090314951,-0.1653,-3.0379,-0.009967419,28.3341,0.845679012
TRUE,46.3992,0.127553571,-0.6849,-0.3502,-0.013392857,29.2198,1.044386423
USAC,12.1697,0.034244256,-0.6342,-0.0056,-0.008101572,50.5832,1.095624264
SLCA,23.7267,0.067051597,-0.183,-0.0942,-0.033845209,50.6009,0.991339492
VG,58.4366,0.052507375,0.0438,0.2449,0.022025565,73.2833,1.107632094
WLK,81.2201,0.114076786,0.7265,3.3058,0.047010232,94.5065,1.045187901
WLKP,27.8582,0.141466934,0.8529,0.4205,0.029659319,67.7515,0.954635108
XOMA,89.6511,0.171876404,0.454,2.0483,0.076853933,78.0675,0.929978296
GOLF,29.322,0.105322581,0.6184,0.5786,0.058349146,73.9832,1.012705882
AKBA,25.7231,0.110800269,-0.4464,-0.1711,-0.006052455,42.2013,1.022696929
ALRM,37.5201,0.084307285,-0.5703,-1.3061,0.008423841,38.2493,1.014191853
AMID,17.1249,0.128314607,0.7027,0.1718,0.019475655,52.0395,1.091240876
ANDV,44.0726,0.116648592,0.6071,2.0293,0.036592619,74.4078,0.938120307
ANDX,20.5684,0.071933319,0.2316,0.2648,-0.008270188,45.8923,1.095158248
BWINB,27.2747,0.04125261,-0.2174,0.1371,0.02045929,62.453,0.972803347
BCEI,21.0904,0.186698079,-0.0985,-0.0835,0.023921711,44.089,0.972149148
BR,61.6192,0.021452859,0.1087,0.7859,0.01561051,83.47,1.061184211
CCLP,18.1683,0.109872029,0.5469,-0.0158,0.00749543,54.0931,1.135253054
CABO,27.6361,0.052905666,0.3027,3.934,0.024963389,50.312,1.001330402
TCS,27.6063,0.3707173,-0.6169,-0.0109,-0.100843882,46.709,0.974459725
CAPL,37.1309,0.063570526,-0.2178,-0.3064,-0.000842105,34.4247,1.003720546
CUTR,65.4859,0.161614112,0.3991,1.4694,-0.005292172,68.4844,1.111948332
EGRX,15.0688,0.165593411,-0.5606,-0.642,-0.068588544,37.8651,1.064709921
EGN,13.8596,0.149966997,0.0806,0.7846,0.05930172,59.0473,0.908308004
GARS,26.1134,0.064266338,-0.4524,-0.0608,-0.004685573,38.6593,1.001218027
GLP,22.4669,0.090071856,-0.4412,-0.2571,-0.030538922,39.4706,1.008370787
GDP,16.7219,0.094170486,0.1225,0.1064,0.064894592,55.2954,1.030795552
HALO,48.6822,0.124718657,0.503,0.5714,0.020039487,77.2623,0.939150086
HSC,25.9586,0.065758713,0.2778,0.0534,0.055227882,53.2868,0.978835979
HRI,41.5173,0.109599106,0.4065,1.9628,0.017313528,73.839,1.066457188
HPT,30.5909,0.040361809,-0.0695,0.109,-0.006767169,56.3299,0.949273704
HII,55.8505,0.018977514,-0.6518,0.641,0.011336445,62.1988,1.045612843
INWK,16.594,0.073439681,-0.7222,-0.1182,-0.001595214,37.4575,0.985756385
INVH,26.858,0.044777259,0.0327,0.0535,-0.010436996,56.6816,0.955701568
JAG,30.4721,0.177198986,0.1971,0.411,0.104816223,63.9494,0.825474587
KIN,19.4315,0.280571429,0.7143,0.4704,0.156613757,77.9625,0.947368421
FSTR,25.9186,0.246423573,0.75,0.8164,0.118232044,72.639,1.018181818
MBUU,29.4442,0.134463505,-0.4382,0.0348,-0.001816347,52.1818,1.125083389
MRT,22.4251,0.059893048,-0.0254,-0.019,0.011942959,46.0681,0.965198238
MACK,38.8648,0.187512195,-0.7273,-0.3326,0.001560976,52.1316,1.037926758
MITK,24.4286,0.068648045,-0.087,-0.0379,0.036312849,47.9836,0.87431694
MODN,52.7132,0.057574603,-0.4545,0.1361,0.006984127,67.4195,0.962025316
NVEE,35.4308,0.0766759,-0.3188,0.2159,0.033795014,59.0244,0.903019213
NEOS,31.7348,0.057372549,-0.0303,-0.006,-0.001960784,56.7137,1.014150943
NTN,46.2712,0.34064133,-0.3303,-0.3151,0.02032304,28.4511,1.337434679
NES,68.7507,0.789174917,0.5247,2.5849,0.318811881,77.6931,0.96902439
OAS,23.2136,0.513436385,-0.6212,-0.3991,-0.072057075,43.6646,1.017502917
ZEUS,27.8409,0.100102373,0.1764,0.5503,0.028106096,61.5603,1.058663363
OLP,27.3205,0.06492284,-0.3807,0.0881,-0.011111111,56.107,0.939969605
PE,24.0417,0.212927989,0.4328,0.8932,0.11236413,61.3518,0.796162676
PFGC,22.3811,0.144380665,0.8166,0.9975,0.049546828,80.1872,1.02962963
PPC,42.3065,0.360869285,-0.7752,-0.8253,-0.124533162,48.6142,0.964015705
PXLW,51.2826,0.264897314,0.4314,0.2451,0.151658768,67.8809,0.939577039
PRMW,23.5311,0.076706444,-0.3691,-0.0067,0.005887033,54.998,1.038674033
RNG,31.2302,0.076400826,0.2333,0.6062,0.014669421,66.0933,1.133009193
MCRB,17.7933,0.077120316,-0.3401,0.0167,0.017751479,42.1727,1.000473261
SMPL,32.7187,0.095904628,0.7692,0.3597,0.049649369,78.239,0.946979866
SUN,28.1381,0.057056338,-0.4854,-0.471,-0.027816901,28.1687,1.101619015
TCMD,23.0815,0.12826087,-0.1911,0.476,0.043961353,49.5983,1.095158036
USAT,55.3061,0.221538462,0.5789,0.5253,0.08,86.6594,0.87
WTM,14.3237,0.067779814,-0.7918,-8.8749,-0.025096326,40.4041,0.994471126
AE,30.5249,0.275531034,-0.4392,-0.1689,-0.058022989,50.5232,0.994311967
IOTS,35.1201,0.308589147,-0.7333,-0.3659,-0.056589147,42.6697,1.007352941
AYX,38.002,0.181250495,0.0691,0.1891,-0.082390186,57.0325,1.08210367
BLFS,63.3231,0.243166667,0.203,0.1666,0.111,61.1637,0.914191419
BKCC,43.7259,0.116886035,-0.6035,-0.1545,-0.04494382,22.3765,0.952380952
BRKS,32.0767,0.072645702,-0.2231,-0.8426,0.000503145,39.3845,1.175705621
CJ,23.3469,0.108347774,0.3022,1.0596,0.054914849,61.4917,0.936199469
CBMG,16.4087,0.08368,0.1111,0.1464,0.029333333,62.7628,1.57518797
CHEF,23.3677,0.038780488,0.0676,0.2712,0.019512195,58.881,0.978873239
CEMI,38.5077,0.194756098,0.7333,0.3681,0.126829268,79.8043,1.012121212
CPK,34.8251,0.144216423,-0.6364,-1.2259,-0.044557607,45.6394,0.932235592
CISN,38.872,0.036124684,0.3194,-0.0262,0.004043808,48.7168,1.012295082
COLL,39.6528,0.131451788,0.2692,0.9751,0.062188516,74.6002,1.32072456
CHUBA,29.8269,0.080236471,-0.3893,-0.0253,-0.023829013,51.137,0.924101198
CNCE,59.0087,0.144994202,0.3645,1.3718,-0.003015075,81.7493,0.783036773
COT,37.6351,0.116938776,-0.4203,0.0176,-0.043217287,59.3174,1.018596281
BREW,13.1128,0.092791667,-0.1875,0.0138,0.016145833,57.0638,1.028277635
DSKE,30.8252,0.15256823,0.7185,0.3699,0.046326102,65.3116,0.941298343
DK,44.769,0.111036062,0.48,1.219,0.061362335,82.1012,0.97875558
ELF,18.867,0.054441954,0.1067,0.3954,0.038727028,52.3269,0.902860858
ERF,15.3106,0.221961185,0.2857,0.1407,0.091930541,58.26,1.136544191
FPI,21.8448,0.130576037,-0.3091,-0.029,-0.023502304,43.2524,0.929625426
FIVN,28.6885,0.076181672,0.1521,0.1057,0.057395498,61.3793,1.041583367
GHDX,26.9104,0.31080117,0.3586,1.5557,0.152397661,58.5275,0.984451483
GMRE,23.0724,0.212463415,-0.7975,-0.2304,-0.034390244,35.1273,0.955399061
GDEN,78.7073,0.076906585,-0.5686,0.643,0.015497703,72.6434,0.970588235
HDNG,36.077,0.055407577,0.2087,0.0914,0.009414466,75.1892,1.084632098
ICHR,27.4766,0.111447154,-0.7084,-0.8851,0.024390244,44.6493,1.294525829
IMPV,25.785,0.080564232,-0.2868,-0.2972,-0.025440806,35.3838,1.09382716
IHC,53.704,0.076080146,-0.7843,-0.0282,0.000728597,60.0549,1.068345324
IIPR,29.6499,0.588715568,0.9856,2.2176,0.224079232,90.9663,0.776572668
INSW,25.0031,0.230964247,0.3478,0.2443,0.101950163,47.553,0.891736402
JE,46.3116,0.032494172,-0.125,-0.0847,0.032634033,25.521,0.964044944
KRP,18.2521,0.057249231,-0.2778,-0.1906,-0.027566769,40.4321,1.188317615
KOP,63.7969,0.074011788,0.1354,0.6137,0.049115914,71.6082,0.907669761
KRO,33.138,0.135754754,-0.4406,-0.1478,0.025223128,56.6592,1.05107832
FWONA,28.52,0.071693154,-0.5296,-0.6932,-0.025611247,36.945,1.097675121
LGND,25.6869,0.063948003,0.4245,0.3937,0.010034324,55.3543,1.188526354
MMAC,31.8722,0.094020576,-0.6972,-0.1627,-0.038353909,39.9906,1.16089613
M,30.7492,0.098157999,0.3669,1.0174,0.008416038,61.0847,1.006456513
MDGL,67.5086,0.702727966,0.7481,11.4264,0.148665432,84.5964,1.53389224
MGEN,27.7108,0.458139981,0.7292,0.5585,0.247363375,62.5973,0.782273603
NL,40.5736,0.22005614,-0.3731,0.1167,0.056842105,64.6737,0.93728223
NRE,21.5931,0.124780343,-0.8906,-0.1673,-0.044080417,47.8974,0.904761905
NVDA,34.1881,0.048575711,-0.2946,-1.2871,0.032186047,54.5429,1.249473684
OMER,14.1226,0.09981472,-0.4894,0.2727,0.032938755,50.1374,0.827309019
OSTK,65.1762,0.692131455,0.3704,4.7676,0.177230047,67.5467,1.130732416
PFIN,39.0672,0.16507785,0.6235,0.1973,0.08907952,73.5238,0.923206198
PFSW,19.8475,0.074562584,0.2816,0.0539,0.040107672,46.7389,0.961038961
FRSH,29.9069,0.241115242,-0.9083,-0.0488,-0.058736059,43.9471,0.901554404
PCTI,27.7897,0.091261872,-0.0131,0.1123,0.021166893,56.825,0.973439575
PVAC,25.4311,0.246949629,0.585,0.7371,0.127384301,54.1908,1.093711161
PLYM,14.6186,0.040854978,0.2893,0.133,0.028246753,55.4666,0.991957105
PCOM,23.764,0.181107872,-0.6723,-0.248,-0.042759961,43.9369,1.174264282
QBAK,37.4403,0.203452381,0.4064,0.2223,0.160547619,59.3325,1.185145518
RGEN,32.7023,0.033164278,0.2867,0.0764,0.0146086,44.3099,0.973570658
REI,19.7903,0.194748201,-0.1728,0.2489,0.079856115,54.0021,0.957475995
SGMO,47.768,0.05802439,0.082,0.5683,0.035365854,64.9425,1.210451977
SVRA,69.1405,0.258477089,0.3844,1.0204,0.032345013,74.4293,0.788601723
WTTR,21.5731,0.198267544,0.5368,0.5744,0.110307018,67.9084,1.017486339
SND,30.3119,0.144942263,0.3212,0.1997,-0.050115473,57.8078,1.076581576
SQ,54.3637,0.170199019,-0.8265,-1.0227,-0.068820306,50.7993,1.310706402
STAA,41.8045,0.126851613,-0.9459,0.1263,-0.009032258,62.1091,1.0125
STRS,11.7654,0.083131313,-0.3881,-0.0195,0.005723906,49.8619,1.008116883
STB,18.4395,0.087263844,0.7333,0.0677,0.029153094,63.6695,0.963081862
RUN,17.2594,0.153389831,0.4024,0.0531,0.031525424,48.6929,1.12541806
SLD,20.9598,0.096290429,-0.5833,-0.1186,-0.04290429,39.6665,0.970684039
TELL,16.8237,0.589507187,-0.663,-0.395,0.021149897,43.8515,1.144135189
TSG,46.4967,0.040403433,0.4,0.3151,-0.013304721,71.9285,1.091489362
TDW,47.3935,0.167188525,-0.3125,-0.3211,-0.036311475,54.13,1.100393701
TPIC,29.413,0.180195503,0.3548,0.0973,0.087487781,52.4345,0.967267552
TTD,35.9953,0.131414826,-0.3566,-1.4575,-0.028515198,36.7648,1.056840077
TRT,41.0897,0.239472183,-0.3672,-0.0377,-0.000333809,62.9459,0.951064748
TPB,33.9754,0.255447231,0.7708,0.5243,0.090487459,75.6721,1.030106531
UGI,19.6617,0.085277955,-0.6407,-0.4081,-0.036890309,41.8013,0.964150943
UPLD,16.9275,0.09355494,-0.5552,-0.0135,-0.006001847,47.6604,1.064810589
HCC,25.7195,0.189375746,0.6274,0.2947,0.062902584,49.6985,1.04968248
BKJ,17.2578,0.054838356,0.7731,0.2303,0.01980274,63.175,1
CMCT,42.5251,0.160230366,0.5846,0.4801,0.008376963,64.1612,0.907455013
CTSO,42.7691,0.192061538,-0.375,0.0229,0.042723077,56.7989,1.167588646
EPM,28.3333,0.076145985,-0.1667,0.0093,0.054014599,43.4355,1.09540636
IDSY,28.1154,0.048587896,0.1728,0.0081,0.014697406,53.6641,1.067142857
JYNT,20.3404,0.087298387,-0.5439,-0.0458,-0.038104839,54.3527,1.02
MVO,38.6257,0.29302381,0.8022,0.6525,0.170714286,82.2268,0.892508108
NWSA,46.6234,0.045687847,-0.0306,0.2469,-0.004194941,70.7735,1.041945289
NOVN,19.6971,0.240805687,-0.8571,-0.2451,-0.036966825,34.1283,0.805399325
PDEX,21.041,0.049558824,-0.1439,-0.0546,-0.005147059,45.3763,1.007352941
RDFN,20.1869,0.355408685,0.9699,1.3316,0.113984674,70.4435,0.666666667
SJT,29.6926,0.140412621,-0.288,0.0836,0.053883495,59.9874,1.159859977
TTGT,47.1006,0.036451149,-0.0345,0.1919,0.022557471,77.8793,1.115384615
ALPN,49.8085,0.04125,0.4124,0.1636,-0.006964286,66.8468,1.010347826
AVNW,30.6739,0.101410679,-0.25,-0.2207,-0.039551747,44.1256,1.079872204
CCUR,20.474,0.115503472,-0.3816,-0.0783,-0.027142361,39.8028,1.001724138
FRD,30.0711,0.140316901,0.0462,-0.0588,0.030637324,49.5991,0.977031802
PVG,22.337,0.172357581,0.352,0.1889,0.099386503,61.5109,0.6
SYBX,37.681,0.270268041,-0.4633,-0.3824,-0.050927835,44.9053,0.68214
TSN,50.5188,0.053398298,-0.2655,0.8817,-0.014431972,73.0913,0.97275641
VRAY,38.7601,0.198444924,-0.1767,0.2401,0.080345572,65.8579,0.976987448
ALBO,20.4895,0.196140625,0.0932,0.1693,0.104375,52.8147,1.375245944
BZH,51.7317,0.13548152,-0.7897,-0.39,-0.005622072,55.09,0.955622794
ABCD,25.5871,0.079260563,-0.3636,-0.0635,0.032394366,47.6573,1.246073298
JCTCF,40.8914,0.106946667,-0.6429,0.0387,-0.003644,55.9562,0.949178459
KLIC,35.3564,0.032784056,-0.2548,-0.1049,-0.000205465,57.5964,0.968788002
MELR,47.2463,0.08,1,0.0961,0.0275,66.2527,0.99375
NCSM,30.8345,0.244151967,-0.6,-0.7515,-0.017910448,30.008,1.040650407
RBCN,19.0118,0.110250627,-0.178,-0.033,-0.064413534,48.6969,0.971285893
SVT,42.2669,0.095238523,0.2132,0.2097,0.027305962,62.3965,0.953654189
SSYS,10.0818,0.16748497,-0.5235,-0.3048,-0.05240481,38.9151,1.049180328
VRS,62.4946,0.507023335,0.8819,1.8456,0.24336938,95.4744,0.96011236
WOW,65.0032,0.255761589,0.25,-0.0851,0.16064333,33.1642,0.952372197
AQN,21.4579,0.026111111,0.186,0.0491,0.005376344,60.6289,0.974060823
CVV,13.8831,0.103373494,-0.5235,-0.1641,0.006884682,52.5678,0.864068584
EEI,26.0967,0.070990476,-0.5,-0.0897,-0.003824762,39.3579,1.026004728
LWAY,22.9685,0.433725,-0.7578,-0.4949,-0.1025,32.8128,0.95408115
MAG,24.778,0.236262136,0.8111,0.4001,0.070711974,59.5586,0.849765258
MTOR,34.7842,0.098090367,-0.5597,-0.2544,0.016283035,50.7602,1.166526493
MTEM,55.4608,0.484530938,0.4699,0.5444,0.276047904,72.1314,0.982711556
NTAP,45.2233,0.071626898,-0.0665,1.0888,-0.037454808,71.2519,1.127318117
SNMP,23.151,0.079279279,0.0364,0.0634,0.078378378,49.2001,1.045833333
EZPW,40.6736,0.01795082,0.1176,0.2616,0.000819672,78.0759,0.975708502
GFF,20.3594,0.187135135,-0.7671,-0.506,-0.02014742,41.6338,1.060679612
HP,27.7079,0.18679146,0.4554,2.2761,0.106435644,72.6035,1.111531477
ANF,33.382,0.120275387,0.0617,0.7436,0.035800344,62.6079,1.178688525
AMAT,32.1583,0.038744131,-0.1467,-0.7002,0.007981221,48.5253,1.020354316
POST,23.5293,0.041158652,-0.0532,-0.5307,0.006310741,42.7196,0.952817167
SPLK,38.0684,0.063312409,0.3351,1.8897,0.022042492,73.1328,1.064394373
ASYS,43.4718,0.077576961,0.1275,-0.4632,-0.000794439,39.8524,0.978484565
CUB,44.5757,0.073258694,-0.5806,0.4288,0.006446141,67.3235,0.998331943
ENTA,46.8527,0.29532379,0.7055,2.9137,0.142740286,79.3868,1.507917384
INTU,51.1551,0.039234377,0.1851,1.509,0.016592724,68.6491,1.063739377
NTIC,34.4203,0.299943434,0.7503,1.2186,0.144048485,78.9693,0.958661417
ADI,37.9754,0.070587442,0.5614,0.3008,0.039469842,59.1551,1.020959735
BURL,43.2204,0.175245062,0.8571,4.9736,0.087458343,80.7092,0.999841043
CTRN,41.6798,0.117346939,0.1994,0.854,-0.003703704,71.0896,0.883827296
DLTR,63.5554,0.083926941,0.5377,2.6168,0.016084242,77.0199,1.06812563
FNTE,62.7646,0.030434081,0.7908,0.0369,0.012899454,67.4701,0.995457286
HRG,28.1844,0.073427729,-0.2778,0.2461,0.027728614,55.2642,1.079671939
LORL,20.5823,0.085017026,-0.625,-0.5876,0.006356413,42.4541,1.051648352
MTR,30.3215,0.264910569,0.2928,0.3321,0.131165312,68.499,0.928
RAVN,25.9473,0.165967977,-0.7476,0.0248,0.023871907,52.9158,1.165477889
DE,59.979,0.079474794,0.5144,4.3432,0.043064341,82.4066,1.079178793
CRM,31.4316,0.044268806,-0.2264,-0.2062,-0.013675046,57.0046,1.093791786
GSM,57.6139,0.065901235,-0.1064,0.223,-0.014691358,61.246,0.904819277
PLAB,17.9279,0.161595308,-0.82,-0.1623,-0.019354839,40.2968,0.979885057
PSTG,39.5307,0.129747793,-0.8893,-0.2269,-0.050315259,49.455,1.309685379
REX,17.024,0.092854209,-0.9012,-1.0891,-0.023940089,32.001,0.975164783
WDAY,24.9937,0.058213092,-0.0775,-1.2837,-0.009278553,44.3385,1.177413127
XCRA,18.6616,0.018917263,-0.3889,-0.0095,-0.007354443,49.4389,1.010080645
AMSWA,32.0223,0.043697334,-0.9371,-0.0809,-0.000687876,51.6413,1.106742616
HOME,47.4416,0.102823297,0.3342,1.8704,0.055676209,80.0476,1.023388116
FIVE,58.5185,0.122662847,0.3333,1.8967,0.012575392,74.5062,0.964255197
SMTC,21.1548,0.017964912,0.0952,-0.8005,0.003508772,39.9497,1.050750536
TLYS,33.7038,0.162588076,-0.8718,0.4886,-0.010433604,61.421,1.042924212
TITN,37.7632,0.068153047,0.3343,1.0163,-0.012753897,70.788,0.998175182
