Test Name, September17, October17, November17, December17, Janurary18, Feburary18, Average%, Average Symbols
BBANDS0.06/,0.7174,0.5918,0.75,0.6102,0.625,0,0.5089,28.6
BBANDS0.05/,0.6774,0.6452,0.75,0.5366,0.6531,0,0.5025,19
BBANDS0.07/,0.7119,0.5455,0.6,0.5949,0.6087,0.5,0.5922,36.4
RSI60/ADX20/,0.8667,0.3529,0.5,0.3636,0.5455,0,0.4257,6.6
RSI60/ADX25/,0.6429,0.3421,0.6667,0.4412,0.4815,0.5,0.4815,12
RSI60/ADX30/,0.7179,0.3962,0.6667,0.4565,0.5472,0.2,0.4636,20
RSI60/ADX35/,0.7442,0.4,0.6667,0.463,0.5846,0.3333,0.505,24.2
RSI60/ADX40/,0.7556,0.4242,0.6667,0.4483,0.5946,0.2222,0.489,26.8
RSI60/ADX45/,0.7556,0.4328,0.6667,0.45,0.5867,0.2727,0.4996,27.4
RSI60/ADX50/,0.7609,0.4429,0.6667,0.4531,0.5921,0.2727,0.5043,28.6
ADX20/,0.8182,0.375,0.6667,0.45,0.5,0.25,0.4786,15.4
ADX25/,0.6912,0.3977,0.8,0.5224,0.4359,0.25,0.4594,30.6
ADX30/,0.7053,0.4621,0.8333,0.5263,0.5,0.2308,0.4849,48.6
ADX35/,0.75,0.5032,0.6667,0.5122,0.5528,0.3333,0.5303,64
ADX40/,0.7717,0.5474,0.6154,0.5298,0.5615,0.2632,0.5347,78.4
ADX45/,0.7519,0.5668,0.6429,0.5399,0.5441,0.28,0.5365,85.8
ADX50/,0.7534,0.5696,0.6429,0.548,0.5596,0.2692,0.54,93.4
RSI60/,0.7872,0.4519,0.8571,0.4796,0.6216,0.2917,0.5264,53.4
RSI45/MOM0/MACD0/BOP0.03/ADX35/,1,0,1,0.25,0.8333,0,0.4167,2
RSI45/MOM0/MACD0/BOP0.03/ADX40/,1,0,1,0.25,0.8571,0,0.4214,2.2
RSI45/MOM0/MACD0/BOP0.03/ADX45/,1,0,1,0.25,0.8571,0,0.4214,2.2
RSI45/MOM0/MACD0/BOP0.03/ADX50/,1,0,1,0.25,0.8571,0,0.4214,2.2
RSI45/MOM0/MACD0/BOP0.01/,0.9,0.125,1,0.4,0.75,0,0.435,4.2
RSI45/MOM0/MACD0/BOP-0.01/,0.9,0.125,1,0.4,0.75,0,0.435,4.2
RSI45/MOM0/MACD0/BOP-0.03/,0.9,0.125,1,0.4,0.75,0,0.435,4.2
RSI45/MOM0/MACD0/BOP-0.05/,0.9,0.125,1,0.4,0.75,0,0.435,4.2
RSI45/MOM0/MACD-1/,1,0,0,0.5,0.5,0,0.4,0.6
RSI50/,0.8333,0.4444,1,0.5946,0.6548,0.3333,0.5721,28.2
RSI55/,0.8169,0.4304,1,0.5472,0.6387,0.35,0.5566,40.8
MOM0/MACD0/BOP0.03/ADX35/,0.9545,0.2353,1,0.6,0.5517,0.2857,0.5254,9.8
MOM0/MACD0/BOP0.03/ADX40/,0.9583,0.2778,1,0.6429,0.5806,0.2857,0.5491,11.4
MOM0/MACD0/BOP0.03/ADX45/,0.96,0.35,1,0.6429,0.5588,0.3,0.5623,12.4
MOM0/MACD0/BOP0.03/ADX50/,0.96,0.381,1,0.6429,0.5714,0.3,0.5711,12.8
MOM0/MACD0/BOP0.01/,0.8409,0.4848,1,0.6087,0.6271,0.2727,0.5668,21.4
MOM0/MACD0/BOP-0.01/,0.8409,0.4848,1,0.6364,0.6271,0.2727,0.5724,21.4
MOM0/MACD0/BOP-0.03/,0.8409,0.4848,1,0.6364,0.6271,0.2727,0.5724,21.4
MOM0/MACD0/BOP-0.05/,0.8409,0.4848,1,0.6667,0.6271,0.2727,0.5784,21.4
MOM0/MACD-1/,0.7143,0.5,0,0.6667,0.6,0.5,0.5962,3.6
RSI45/MACD0/BOP0.03/ADX35/,0.9091,0,1,0.1667,0.8889,0,0.3929,3.8
RSI45/MACD0/BOP0.03/ADX40/,0.9091,0,1,0.2857,0.9167,0,0.4223,4.6
RSI45/MACD0/BOP0.03/ADX45/,0.9091,0,1,0.2857,0.9167,0,0.4223,4.6
RSI45/MACD0/BOP0.03/ADX50/,0.8333,0,1,0.2857,0.9167,0,0.4071,4.6
RSI45/MACD0/BOP0.01/,0.7895,0.1,1,0.3333,0.7143,0,0.3874,6.8
RSI45/MACD0/BOP-0.01/,0.7895,0.1,1,0.3333,0.7143,0,0.3874,6.8
RSI45/MACD0/BOP-0.03/,0.7895,0.1111,1,0.375,0.7143,0,0.398,6.8
RSI45/MACD0/BOP-0.05/,0.7895,0.1111,1,0.375,0.7143,0,0.398,6.8
RSI45/MACD-1/,1,0,0,0.6667,0.6667,0,0.4667,1
MACD0/BOP0.03/ADX35/,0.9487,0.2727,1,0.4667,0.6591,0.2857,0.5266,16.2
MACD0/BOP0.03/ADX40/,0.9524,0.3043,1,0.5238,0.68,0.2857,0.5492,18.8
MACD0/BOP0.03/ADX45/,0.9535,0.36,1,0.5238,0.6481,0.3,0.5571,19.8
MACD0/BOP0.03/ADX50/,0.9318,0.3846,1,0.5238,0.6545,0.3,0.5589,20.2
MACD0/BOP0.01/,0.8571,0.4524,1,0.475,0.6596,0.25,0.5388,32.6
MACD0/BOP-0.01/,0.8571,0.4524,1,0.4872,0.6596,0.25,0.5413,32.6
MACD0/BOP-0.03/,0.8571,0.475,1,0.4722,0.6667,0.25,0.5442,32.2
MACD0/BOP-0.05/,0.8551,0.4615,1,0.5,0.6667,0.25,0.5467,31.8
MACD-1/,0.7143,0.5,0,0.75,0.6667,0.5,0.6262,4.2
RSI45/MOM0/BOP0.03/ADX35/,1,0,1,0.25,0.8333,0.5,0.5167,2.2
RSI45/MOM0/BOP0.03/ADX40/,1,0,1,0.25,0.8571,0.5,0.5214,2.4
RSI45/MOM0/BOP0.03/ADX45/,1,0,1,0.25,0.8571,0.3333,0.4881,2.4
RSI45/MOM0/BOP0.03/ADX50/,1,0,1,0.25,0.8571,0.3333,0.4881,2.4
RSI45/MOM0/BOP0.01/,0.9,0.125,1,0.4,0.75,0.3333,0.5017,4.4
RSI45/MOM0/BOP-0.01/,0.9,0.125,1,0.4,0.75,0.3333,0.5017,4.4
RSI45/MOM0/BOP-0.03/,0.9,0.125,1,0.4,0.75,0.3333,0.5017,4.4
RSI45/MOM0/BOP-0.05/,0.9,0.125,1,0.4,0.75,0.3333,0.5017,4.4
MOM0/BOP0.03/ADX35/,0.9167,0.2778,1,0.5833,0.5758,0.375,0.5457,11.2
MOM0/BOP0.03/ADX40/,0.9231,0.3158,1,0.6667,0.6111,0.375,0.5783,13.4
MOM0/BOP0.03/ADX45/,0.9259,0.381,1,0.7,0.575,0.3333,0.583,14.8
MOM0/BOP0.03/ADX50/,0.9259,0.375,1,0.7143,0.5854,0.3333,0.5868,15.4
MOM0/BOP0.01/,0.7885,0.5208,1,0.65,0.6027,0.3571,0.5838,28.2
MOM0/BOP-0.01/,0.7885,0.5106,1,0.6579,0.6027,0.3571,0.5834,27.8
MOM0/BOP-0.03/,0.7885,0.5217,1,0.6486,0.6027,0.3571,0.5837,27.6
MOM0/BOP-0.05/,0.7885,0.5217,1,0.6571,0.6027,0.3077,0.5755,27.2
RSI45/BOP0.03/ADX35/,0.9091,0,1,0.1667,0.9,0.5,0.4952,4.2
RSI45/BOP0.03/ADX40/,0.9091,0,1,0.2857,0.9231,0.5,0.5236,5
RSI45/BOP0.03/ADX45/,0.9091,0,1,0.2857,0.9231,0.3333,0.4902,5
RSI45/BOP0.03/ADX50/,0.8333,0,1,0.2857,0.9231,0.3333,0.4751,5
RSI45/BOP0.01/,0.7895,0.1,1,0.3333,0.7273,0.3333,0.4567,7.2
RSI45/BOP-0.01/,0.7895,0.1,1,0.3333,0.7273,0.3333,0.4567,7.2
RSI45/BOP-0.03/,0.7895,0.1111,1,0.375,0.7273,0.3333,0.4672,7.2
RSI45/BOP-0.05/,0.7895,0.1111,1,0.375,0.7273,0.3333,0.4672,7.2
BOP0.03/ADX35/,0.9,0.36,0.75,0.48,0.678,0.3333,0.5503,21.8
BOP0.03/ADX40/,0.9091,0.3846,0.75,0.5455,0.6765,0.3333,0.5698,25.4
BOP0.03/ADX45/,0.9107,0.4333,0.8,0.5714,0.6351,0.3077,0.5716,27
BOP0.03/ADX50/,0.8966,0.4412,0.8,0.5526,0.6494,0.3077,0.5695,28.4
BOP0.01/,0.81,0.5,0.875,0.5256,0.6331,0.3125,0.5562,49.6
BOP-0.01/,0.8163,0.4923,0.875,0.52,0.6304,0.3125,0.5543,48.6
BOP-0.03/,0.8144,0.5082,0.875,0.5072,0.6397,0.3333,0.5606,47.4
BOP-0.05/,0.8172,0.5,0.875,0.5231,0.637,0.2857,0.5526,46
RSI45/MOM0/MACD-1/ADX35/,1,0,0,0.5,0,0,0.3,0.4
RSI45/MOM0/MACD-1/ADX40/,1,0,0,0.5,0,0,0.3,0.4
RSI45/MOM0/MACD-1/ADX45/,1,0,0,0.5,0,0,0.3,0.4
RSI45/MOM0/MACD-1/ADX50/,1,0,0,0.5,0,0,0.3,0.4
MOM0/MACD-1/ADX35/,1,0.2,0,0.5,0.25,1,0.59,1.6
MOM0/MACD-1/ADX40/,1,0.2,0,0.6667,0.4,1,0.6533,2
MOM0/MACD-1/ADX45/,1,0.3333,0,0.6667,0.4,1,0.68,2.2
MOM0/MACD-1/ADX50/,1,0.4286,0,0.6667,0.4,1,0.6991,2.4
RSI45/MACD-1/ADX35/,1,0,0,0.5,0,0,0.3,0.4
RSI45/MACD-1/ADX40/,1,0,0,0.6667,1,0,0.5333,0.8
RSI45/MACD-1/ADX45/,1,0,0,0.6667,1,0,0.5333,0.8
RSI45/MACD-1/ADX50/,1,0,0,0.6667,1,0,0.5333,0.8
MACD-1/ADX35/,1,0.2,0,0.5,0.25,1,0.59,1.6
MACD-1/ADX40/,1,0.2,0,0.75,0.5,1,0.69,2.4
MACD-1/ADX45/,1,0.3333,0,0.75,0.5,1,0.7167,2.6
MACD-1/ADX50/,1,0.4286,0,0.75,0.5,1,0.7357,2.8
RSI50/ADX35/,0.875,0.32,1,0.6,0.6522,0.4,0.5694,14.6
RSI50/ADX40/,0.88,0.3333,1,0.5652,0.6909,0.4,0.5739,16.8
RSI50/ADX45/,0.88,0.3793,1,0.52,0.6842,0.2857,0.5498,17.4
RSI50/ADX50/,0.8462,0.4,1,0.52,0.6842,0.2857,0.5472,17.6
RSI45/MOM0/MACD0/BOP0.05/ADX35/,0.8889,0.125,1,0.4,0.7273,0,0.4282,3.8
RSI45/MOM0/MACD0/BOP0.05/ADX40/,0.9,0.125,1,0.4,0.75,0,0.435,4.2
RSI45/MOM0/MACD0/BOP0.05/ADX45/,0.9,0.125,1,0.4,0.75,0,0.435,4.2
RSI45/MOM0/MACD0/BOP0.05/ADX50/,0.9,0.125,1,0.4,0.75,0,0.435,4.2
RSI45/MOM0/MACD0/BOP0.03/,0.9,0.125,1,0.4,0.75,0,0.435,4.2
MOM0/MACD0/BOP0.05/ADX35/,0.9091,0.3846,1,0.625,0.625,0.2857,0.5659,16.4
MOM0/MACD0/BOP0.05/ADX40/,0.8947,0.4286,1,0.619,0.6415,0.2857,0.5739,19
MOM0/MACD0/BOP0.05/ADX45/,0.8974,0.4667,1,0.619,0.625,0.3,0.5816,20
MOM0/MACD0/BOP0.05/ADX50/,0.9,0.5,1,0.619,0.6316,0.3,0.5901,20.8
MOM0/MACD0/BOP0.03/,0.8409,0.4848,1,0.6087,0.6271,0.2727,0.5668,21.4
RSI45/MACD0/BOP0.05/ADX35/,0.8235,0.1111,1,0.25,0.6471,0,0.3663,5.6
RSI45/MACD0/BOP0.05/ADX40/,0.8333,0.1,1,0.3333,0.7143,0,0.3962,6.8
RSI45/MACD0/BOP0.05/ADX45/,0.8333,0.1,1,0.3333,0.7143,0,0.3962,6.8
RSI45/MACD0/BOP0.05/ADX50/,0.7895,0.1,1,0.3333,0.7143,0,0.3874,6.8
RSI45/MACD0/BOP0.03/,0.7895,0.1,1,0.3333,0.7143,0,0.3874,6.8
MACD0/BOP0.05/ADX35/,0.9074,0.3939,1,0.4667,0.6486,0.25,0.5333,25.2
MACD0/BOP0.05/ADX40/,0.9016,0.4167,1,0.5,0.6667,0.25,0.547,29.4
MACD0/BOP0.05/ADX45/,0.9032,0.4474,1,0.4872,0.6477,0.2727,0.5516,30.4
MACD0/BOP0.05/ADX50/,0.8923,0.475,1,0.4872,0.6556,0.2727,0.5566,31.6
MACD0/BOP0.03/,0.8571,0.4524,1,0.4878,0.6596,0.25,0.5414,32.8
RSI45/MOM0/BOP0.05/ADX35/,0.8889,0.125,1,0.4,0.7273,0.5,0.5282,4
RSI45/MOM0/BOP0.05/ADX40/,0.9,0.125,1,0.4,0.75,0.5,0.535,4.4
RSI45/MOM0/BOP0.05/ADX45/,0.9,0.125,1,0.4,0.75,0.3333,0.5017,4.4
RSI45/MOM0/BOP0.05/ADX50/,0.9,0.125,1,0.4,0.75,0.3333,0.5017,4.4
RSI45/MOM0/BOP0.03/,0.9,0.125,1,0.4,0.75,0.3333,0.5017,4.4
MOM0/BOP0.05/ADX35/,0.85,0.4688,1,0.619,0.5893,0.375,0.5804,19.6
MOM0/BOP0.05/ADX40/,0.8444,0.5135,1,0.6333,0.6129,0.375,0.5958,23.4
MOM0/BOP0.05/ADX45/,0.8478,0.5476,1,0.6667,0.6029,0.3333,0.5997,25.8
MOM0/BOP0.05/ADX50/,0.8511,0.5435,1,0.6757,0.6087,0.3333,0.6025,27.2
MOM0/BOP0.03/,0.7885,0.5208,1,0.65,0.6081,0.3571,0.5849,28.4
RSI45/BOP0.05/ADX35/,0.8235,0.1111,1,0.25,0.6667,0.5,0.4703,6
RSI45/BOP0.05/ADX40/,0.8333,0.1,1,0.3333,0.7273,0.5,0.4988,7.2
RSI45/BOP0.05/ADX45/,0.8333,0.1,1,0.3333,0.7273,0.3333,0.4654,7.2
RSI45/BOP0.05/ADX50/,0.7895,0.1,1,0.3333,0.7273,0.3333,0.4567,7.2
RSI45/BOP0.03/,0.7895,0.1,1,0.3333,0.7273,0.3333,0.4567,7.2
BOP0.05/ADX35/,0.84,0.5,0.8,0.5,0.6162,0.3,0.5512,34.6
BOP0.05/ADX40/,0.8471,0.52,0.8333,0.5246,0.6283,0.3,0.564,40.8
BOP0.05/ADX45/,0.8488,0.5345,0.8571,0.5373,0.6066,0.2857,0.5626,43.6
BOP0.05/ADX50/,0.837,0.5312,0.8571,0.527,0.6202,0.2857,0.5602,46.8
BOP0.03/,0.8119,0.5075,0.875,0.5244,0.6294,0.3125,0.5571,50.8
RSI45/MOM0/MACD0/ADX35/,0.8889,0.125,1,0.5,0.7273,0,0.4482,4
RSI45/MOM0/MACD0/ADX40/,0.9,0.125,1,0.5,0.75,0,0.455,4.4
RSI45/MOM0/MACD0/ADX45/,0.9,0.125,1,0.5,0.75,0,0.455,4.4
RSI45/MOM0/MACD0/ADX50/,0.9,0.125,1,0.5,0.75,0,0.455,4.4
MOM0/MACD0/ADX35/,0.9118,0.4,1,0.6111,0.6,0.375,0.5796,17.4
MOM0/MACD0/ADX40/,0.8974,0.4375,1,0.6087,0.6182,0.375,0.5874,20
MOM0/MACD0/ADX45/,0.9,0.4857,1,0.6087,0.6034,0.3636,0.5923,21.2
MOM0/MACD0/ADX50/,0.9024,0.5135,1,0.6087,0.6102,0.3636,0.5997,22
RSI45/MACD0/ADX35/,0.8235,0.2,1,0.4545,0.6842,0,0.4324,6.8
RSI45/MACD0/ADX40/,0.8421,0.1818,1,0.5,0.7391,0,0.4526,8.2
RSI45/MACD0/ADX45/,0.8421,0.1818,1,0.5,0.7391,0,0.4526,8.2
RSI45/MACD0/ADX50/,0.8,0.1818,1,0.5,0.7391,0,0.4442,8.2
MACD0/ADX35/,0.8983,0.3902,1,0.5128,0.6456,0.3333,0.556,28.6
MACD0/ADX40/,0.8955,0.4091,1,0.5319,0.6703,0.3333,0.568,33.4
MACD0/ADX45/,0.8971,0.4468,1,0.5208,0.6526,0.3333,0.5701,34.6
MACD0/ADX50/,0.8873,0.4694,1,0.5208,0.6598,0.3333,0.5741,35.8
RSI45/MOM0/ADX35/,0.8889,0.125,1,0.5,0.7273,0.5,0.5482,4.2
RSI45/MOM0/ADX40/,0.9,0.125,1,0.5,0.75,0.5,0.555,4.6
RSI45/MOM0/ADX45/,0.9,0.125,1,0.5,0.75,0.3333,0.5217,4.6
RSI45/MOM0/ADX50/,0.9,0.125,1,0.5,0.75,0.3333,0.5217,4.6
MOM0/ADX35/,0.8571,0.439,1,0.6786,0.5763,0.4444,0.5991,22.2
MOM0/ADX40/,0.8511,0.5,0.8,0.6667,0.597,0.3636,0.5957,27
MOM0/ADX45/,0.8542,0.5517,0.8333,0.6905,0.589,0.3333,0.6037,30
MOM0/ADX50/,0.84,0.5556,0.8333,0.6957,0.6053,0.3333,0.606,32
RSI45/ADX35/,0.8636,0.2667,1,0.5,0.6667,0.5,0.5594,10.8
RSI45/ADX40/,0.88,0.25,1,0.5882,0.7105,0.5,0.5857,13
RSI45/ADX45/,0.88,0.25,1,0.5882,0.6923,0.4,0.5621,13
RSI45/ADX50/,0.8462,0.25,1,0.5882,0.6923,0.4,0.5553,13
RSI45/MOM0/MACD0/BOP0.05/,0.9,0.125,1,0.4,0.75,0,0.435,4.2
MOM0/MACD0/BOP0.05/,0.8409,0.4848,1,0.6087,0.6393,0.2727,0.5693,21.8
RSI45/MACD0/BOP0.05/,0.7895,0.1,1,0.3333,0.7143,0,0.3874,6.8
MACD0/BOP0.05/,0.8571,0.4419,1,0.4878,0.6667,0.25,0.5407,33.2
RSI45/MOM0/BOP0.05/,0.9,0.125,1,0.4,0.75,0.3333,0.5017,4.4
MOM0/BOP0.05/,0.7885,0.5306,1,0.6585,0.6184,0.3571,0.5906,29.2
RSI45/BOP0.05/,0.7895,0.1,1,0.3333,0.7273,0.3333,0.4567,7.2
BOP0.05/,0.8077,0.5143,0.875,0.5176,0.637,0.3125,0.5578,52.4
RSI45/MOM0/MACD0/,0.9,0.125,1,0.5,0.75,0,0.455,4.4
MOM0/MACD0/,0.8444,0.5,1,0.6,0.619,0.3333,0.5793,23
RSI45/MACD0/,0.8,0.1818,1,0.5,0.7391,0,0.4442,8.2
MACD0/,0.8553,0.4423,1,0.5294,0.6699,0.3077,0.5609,37.6
RSI45/MOM0/,0.9,0.125,1,0.5,0.75,0.3333,0.5217,4.6
MOM0/,0.7818,0.5588,0.7143,0.68,0.619,0.3333,0.5946,34.6
RSI45/,0.8485,0.3478,1,0.619,0.6596,0.375,0.57,16.6
BBANDS0.07/ADX35/,0.75,0.5128,1,0.587,0.4828,0.5,0.5665,20.6
BBANDS0.07/ADX40/,0.7619,0.5417,0.6667,0.5636,0.5224,0.5,0.5779,25
BBANDS0.07/ADX45/,0.6957,0.5556,0.6667,0.5667,0.5286,0.5,0.5693,26.8
BBANDS0.07/ADX50/,0.7115,0.5593,0.6667,0.5821,0.5467,0.5,0.5799,30.2
RSI50/MOM0/MACD0/BOP0.05/BBANDS0.07/ADX20/,1,1,0,0.6667,1,0,0.7333,1
RSI50/MOM0/MACD0/BOP0.05/BBANDS0.07/ADX25/,1,1,0,0.75,1,0,0.75,1.8
RSI50/MOM0/MACD0/BOP0.05/BBANDS0.07/ADX30/,1,1,0,0.75,1,0,0.75,2
RSI50/MOM0/MACD0/BOP0.05/BBANDS0.07/ADX35/,1,1,0,0.75,1,0,0.75,2.2
RSI50/MOM0/MACD0/BOP0.05/BBANDS0.07/ADX40/,1,1,0,0.6,1,0,0.72,2.4
RSI50/MOM0/MACD0/BOP0.05/BBANDS0.07/ADX45/,1,1,0,0.6,1,0,0.72,2.4
RSI50/MOM0/MACD0/BOP0.05/BBANDS0.07/ADX50/,1,1,0,0.6,1,0,0.72,2.4
RSI50/MOM0/MACD0/BOP0.05/BBANDS0.06/,0,1,0,0.6,1,0,0.52,1.8
RSI50/MOM0/MACD0/BOP0.05/BBANDS0.05/,0,1,0,0.6,1,0,0.52,1.6
RSI50/MOM0/MACD0/BOP0.05/BBANDS0.04/,0,1,0,0.75,1,0,0.55,1.2
RSI50/MOM0/MACD0/BOP0.03/,0.5714,0.6667,1,0.6667,0.6429,0,0.5095,4.6
RSI50/MOM0/MACD0/BOP0.01/,0.5714,0.6667,1,0.6667,0.6429,0,0.5095,4.6
MOM0/MACD0/BOP0.05/BBANDS0.07/ADX20/,0.75,0.5,0,0.6,0.5,0,0.47,2.2
MOM0/MACD0/BOP0.05/BBANDS0.07/ADX25/,0.75,0.5,0,0.6667,0.6923,0,0.5218,3.6
MOM0/MACD0/BOP0.05/BBANDS0.07/ADX30/,0.8,0.6,0,0.6667,0.7059,0,0.5545,5.4
MOM0/MACD0/BOP0.05/BBANDS0.07/ADX35/,0.8182,0.6667,0,0.6667,0.7368,0,0.5777,6.6
MOM0/MACD0/BOP0.05/BBANDS0.07/ADX40/,0.7857,0.7,0,0.5714,0.7273,0,0.5569,7.6
MOM0/MACD0/BOP0.05/BBANDS0.07/ADX45/,0.7857,0.7,0,0.5714,0.7273,0,0.5569,7.6
MOM0/MACD0/BOP0.05/BBANDS0.07/ADX50/,0.8,0.7273,0,0.5714,0.7273,0,0.5652,8
MOM0/MACD0/BOP0.05/BBANDS0.06/,0.8333,0.5,0,0.5714,0.8667,0,0.5543,5.8
MOM0/MACD0/BOP0.05/BBANDS0.05/,0.8571,0.3333,0,0.5714,0.9,0,0.5324,4
MOM0/MACD0/BOP0.05/BBANDS0.04/,0.6667,1,0,0.8,0.75,0,0.6433,2
RSI50/MACD0/BOP0.05/BBANDS0.07/ADX20/,1,1,0,0.5,1,0,0.7,1.6
RSI50/MACD0/BOP0.05/BBANDS0.07/ADX25/,1,1,0,0.6,0.5556,0,0.6311,2.4
RSI50/MACD0/BOP0.05/BBANDS0.07/ADX30/,0.75,1,0,0.6,0.6364,0,0.5973,2.8
RSI50/MACD0/BOP0.05/BBANDS0.07/ADX35/,0.75,1,0,0.6,0.6154,0,0.5931,3.2
RSI50/MACD0/BOP0.05/BBANDS0.07/ADX40/,0.75,0.6667,0,0.5,0.6667,0,0.5167,3.6
RSI50/MACD0/BOP0.05/BBANDS0.07/ADX45/,0.75,0.6667,0,0.4286,0.6667,0,0.5024,3.6
RSI50/MACD0/BOP0.05/BBANDS0.07/ADX50/,0.75,0.6667,0,0.4286,0.6667,0,0.5024,3.6
RSI50/MACD0/BOP0.05/BBANDS0.06/,0.6667,0.5,0,0.4286,0.6667,0,0.4524,2.8
RSI50/MACD0/BOP0.05/BBANDS0.05/,0,1,0,0.4286,0.6667,0,0.4191,2
RSI50/MACD0/BOP0.05/BBANDS0.04/,0,1,0,0.6,0.8,0,0.48,1.6
RSI50/MACD0/BOP0.03/,0.7368,0.4444,1,0.5385,0.6,0,0.4639,8.6
RSI50/MACD0/BOP0.01/,0.7368,0.4444,1,0.5385,0.6,0,0.4639,8.6
MACD0/BOP0.05/BBANDS0.07/ADX20/,0.8333,0.6,0,0.4286,0.5714,0,0.4867,3
MACD0/BOP0.05/BBANDS0.07/ADX25/,0.8333,0.6,0,0.5455,0.55,0,0.5058,5
MACD0/BOP0.05/BBANDS0.07/ADX30/,0.7857,0.6667,0,0.5385,0.6,0,0.5182,7.4
MACD0/BOP0.05/BBANDS0.07/ADX35/,0.8,0.7,0,0.4667,0.6333,0,0.52,9
MACD0/BOP0.05/BBANDS0.07/ADX40/,0.7895,0.6667,0,0.4706,0.6471,0,0.5148,10.6
MACD0/BOP0.05/BBANDS0.07/ADX45/,0.7895,0.6667,0,0.4444,0.6471,0,0.5095,10.6
MACD0/BOP0.05/BBANDS0.07/ADX50/,0.8095,0.6923,0,0.4444,0.6571,0,0.5207,11.4
MACD0/BOP0.05/BBANDS0.06/,0.875,0.4286,0,0.4,0.7308,0,0.4869,8.4
MACD0/BOP0.05/BBANDS0.05/,0.875,0.4,0,0.3333,0.75,0,0.4717,5
MACD0/BOP0.05/BBANDS0.04/,0.6667,0.6667,0,0.5,0.7143,0,0.5095,2.6
RSI50/MOM0/BOP0.05/BBANDS0.07/ADX20/,1,1,0,0.6667,1,0,0.7333,1
RSI50/MOM0/BOP0.05/BBANDS0.07/ADX25/,1,1,0,0.75,1,0,0.75,1.8
RSI50/MOM0/BOP0.05/BBANDS0.07/ADX30/,1,1,0,0.75,0.8333,0,0.7167,2
RSI50/MOM0/BOP0.05/BBANDS0.07/ADX35/,1,1,0,0.75,0.8333,0,0.7167,2.2
RSI50/MOM0/BOP0.05/BBANDS0.07/ADX40/,1,1,0,0.6,0.8571,0,0.6914,2.4
RSI50/MOM0/BOP0.05/BBANDS0.07/ADX45/,1,1,0,0.6,0.8571,0,0.6914,2.4
RSI50/MOM0/BOP0.05/BBANDS0.07/ADX50/,1,1,0,0.6,0.8571,0,0.6914,2.4
RSI50/MOM0/BOP0.05/BBANDS0.06/,0,1,0,0.6,1,0,0.52,1.8
RSI50/MOM0/BOP0.05/BBANDS0.05/,0,1,0,0.6,1,0,0.52,1.6
RSI50/MOM0/BOP0.05/BBANDS0.04/,0,1,0,0.75,1,0,0.55,1.2
RSI50/MOM0/BOP0.03/,0.5714,0.6667,1,0.7,0.6,0,0.5076,4.8
RSI50/MOM0/BOP0.01/,0.5714,0.6667,1,0.7,0.6,0,0.5076,4.8
MOM0/BOP0.05/BBANDS0.07/ADX20/,0.8,0.5,0,0.6,0.5,0,0.48,2.4
MOM0/BOP0.05/BBANDS0.07/ADX25/,0.625,0.6,0,0.7143,0.6923,0,0.5263,4.4
MOM0/BOP0.05/BBANDS0.07/ADX30/,0.7143,0.6667,0,0.75,0.6,0,0.5462,6.8
MOM0/BOP0.05/BBANDS0.07/ADX35/,0.75,0.7143,0,0.6667,0.6087,0,0.5479,8.4
MOM0/BOP0.05/BBANDS0.07/ADX40/,0.7368,0.7222,1,0.5833,0.6154,0,0.5315,10
MOM0/BOP0.05/BBANDS0.07/ADX45/,0.7368,0.7,1,0.6154,0.6429,0,0.539,10.8
MOM0/BOP0.05/BBANDS0.07/ADX50/,0.75,0.7143,1,0.625,0.6429,0,0.5464,11.6
MOM0/BOP0.05/BBANDS0.06/,0.7647,0.6667,1,0.6,0.7727,0,0.5608,9.4
MOM0/BOP0.05/BBANDS0.05/,0.75,0.6,1,0.5714,0.8,0,0.5443,7
MOM0/BOP0.05/BBANDS0.04/,0.7143,0.6667,1,0.7,0.75,0,0.5662,4.4
RSI50/BOP0.05/BBANDS0.07/ADX20/,1,1,0,0.5,1,0,0.7,1.6
RSI50/BOP0.05/BBANDS0.07/ADX25/,1,1,0,0.6,0.5556,0,0.6311,2.4
RSI50/BOP0.05/BBANDS0.07/ADX30/,0.75,1,0,0.6667,0.5833,0,0.6,3
RSI50/BOP0.05/BBANDS0.07/ADX35/,0.75,1,0,0.6667,0.5714,0,0.5976,3.4
RSI50/BOP0.05/BBANDS0.07/ADX40/,0.75,0.6667,0,0.5714,0.6471,0,0.527,4
RSI50/BOP0.05/BBANDS0.07/ADX45/,0.75,0.6667,0,0.5,0.6471,0,0.5128,4
RSI50/BOP0.05/BBANDS0.07/ADX50/,0.75,0.6667,0,0.5,0.6471,0,0.5128,4
RSI50/BOP0.05/BBANDS0.06/,0.6667,0.5,0,0.5,0.6923,0,0.4718,3.2
RSI50/BOP0.05/BBANDS0.05/,0,1,0,0.5,0.7,0,0.44,2.4
RSI50/BOP0.05/BBANDS0.04/,0,1,0,0.6,0.8333,0,0.4867,1.8
RSI50/BOP0.03/,0.7368,0.5,1,0.6,0.6176,0.25,0.5409,10
RSI50/BOP0.01/,0.7368,0.5,1,0.6,0.6176,0.25,0.5409,10
BOP0.05/BBANDS0.07/ADX20/,0.8571,0.5714,1,0.4,0.5,0,0.4657,3.6
BOP0.05/BBANDS0.07/ADX25/,0.6364,0.625,1,0.5333,0.5,0,0.4589,6.2
BOP0.05/BBANDS0.07/ADX30/,0.6818,0.6667,1,0.5789,0.4848,0,0.4824,10
BOP0.05/BBANDS0.07/ADX35/,0.7083,0.7222,1,0.5217,0.525,0,0.4954,12.6
BOP0.05/BBANDS0.07/ADX40/,0.7241,0.6957,1,0.5,0.5556,0,0.4951,15.2
BOP0.05/BBANDS0.07/ADX45/,0.7241,0.6538,1,0.5,0.5625,0,0.4881,16.2
BOP0.05/BBANDS0.07/ADX50/,0.7273,0.6429,1,0.5,0.5769,0,0.4894,18
BOP0.05/BBANDS0.06/,0.75,0.55,1,0.4688,0.6875,0,0.4913,16
BOP0.05/BBANDS0.05/,0.6842,0.6429,1,0.4167,0.6765,0,0.4841,11
BOP0.05/BBANDS0.04/,0.6667,0.6667,1,0.4667,0.75,0,0.51,6.8
RSI50/MOM0/MACD0/BBANDS0.07/ADX20/,1,1,0,0.6667,1,0,0.7333,1
RSI50/MOM0/MACD0/BBANDS0.07/ADX25/,1,1,0,0.75,1,0,0.75,2
RSI50/MOM0/MACD0/BBANDS0.07/ADX30/,1,1,0,0.75,1,0,0.75,2.2
RSI50/MOM0/MACD0/BBANDS0.07/ADX35/,1,1,0,0.75,1,0,0.75,2.6
RSI50/MOM0/MACD0/BBANDS0.07/ADX40/,1,1,0,0.6,1,0,0.72,2.8
RSI50/MOM0/MACD0/BBANDS0.07/ADX45/,1,1,0,0.6,1,0,0.72,2.8
RSI50/MOM0/MACD0/BBANDS0.07/ADX50/,1,1,0,0.6,1,0,0.72,2.8
RSI50/MOM0/MACD0/BBANDS0.06/,0.5,1,0,0.6,1,0,0.62,2.2
RSI50/MOM0/MACD0/BBANDS0.05/,0,1,0,0.6,1,0,0.52,1.8
RSI50/MOM0/MACD0/BBANDS0.04/,0,1,0,0.75,1,0,0.55,1.4
MOM0/MACD0/BBANDS0.07/ADX20/,0.75,0.5,0,0.6,0.5,0,0.47,2.2
MOM0/MACD0/BBANDS0.07/ADX25/,0.75,0.5,0,0.6667,0.6923,0,0.5218,3.8
MOM0/MACD0/BBANDS0.07/ADX30/,0.8,0.5714,0,0.6667,0.7059,0,0.5488,5.6
MOM0/MACD0/BBANDS0.07/ADX35/,0.8333,0.6364,0,0.6667,0.7368,0,0.5746,7
MOM0/MACD0/BBANDS0.07/ADX40/,0.8,0.6667,0,0.5714,0.7273,0,0.5531,8
MOM0/MACD0/BBANDS0.07/ADX45/,0.8,0.6667,0,0.5714,0.7273,0,0.5531,8
MOM0/MACD0/BBANDS0.07/ADX50/,0.8125,0.6923,0,0.5714,0.7273,0,0.5607,8.4
MOM0/MACD0/BBANDS0.06/,0.8462,0.5,0,0.5714,0.8667,0,0.5569,6.2
MOM0/MACD0/BBANDS0.05/,0.8571,0.5,0,0.5714,0.9,0,0.5657,4.2
MOM0/MACD0/BBANDS0.04/,0.6667,1,0,0.8,0.75,0,0.6433,2.2
RSI50/MACD0/BBANDS0.07/ADX20/,1,1,0,0.5,1,0,0.7,1.6
RSI50/MACD0/BBANDS0.07/ADX25/,1,1,0,0.6667,0.5556,0,0.6445,2.8
RSI50/MACD0/BBANDS0.07/ADX30/,0.75,1,0,0.6667,0.6364,0,0.6106,3.2
RSI50/MACD0/BBANDS0.07/ADX35/,0.8,1,0,0.6667,0.6154,0,0.6164,3.8
RSI50/MACD0/BBANDS0.07/ADX40/,0.8,0.75,0,0.5714,0.7059,0,0.5655,4.6
RSI50/MACD0/BBANDS0.07/ADX45/,0.8,0.75,0,0.5,0.7059,0,0.5512,4.6
RSI50/MACD0/BBANDS0.07/ADX50/,0.8,0.75,0,0.5,0.7059,0,0.5512,4.6
RSI50/MACD0/BBANDS0.06/,0.75,0.6667,0,0.5,0.7143,0,0.5262,3.8
RSI50/MACD0/BBANDS0.05/,0,1,0,0.4286,0.7273,0,0.4312,2.6
RSI50/MACD0/BBANDS0.04/,0,1,0,0.6,0.8571,0,0.4914,2.2
MACD0/BBANDS0.07/ADX20/,0.8571,0.6,0,0.375,0.5714,0,0.4807,3.2
MACD0/BBANDS0.07/ADX25/,0.75,0.5714,0,0.5385,0.5714,0,0.4863,5.8
MACD0/BBANDS0.07/ADX30/,0.75,0.6667,0,0.5,0.6154,0,0.5064,8.4
MACD0/BBANDS0.07/ADX35/,0.7778,0.6923,0,0.4737,0.6452,0,0.5178,10.4
MACD0/BBANDS0.07/ADX40/,0.7727,0.6667,0,0.4762,0.6757,0,0.5183,12.4
MACD0/BBANDS0.07/ADX45/,0.7727,0.6667,0,0.4545,0.6757,0,0.5139,12.4
MACD0/BBANDS0.07/ADX50/,0.7917,0.6875,0,0.4545,0.6842,0,0.5236,13.2
MACD0/BBANDS0.06/,0.8889,0.5,0,0.4706,0.7586,0,0.5236,10.2
MACD0/BBANDS0.05/,0.8889,0.5714,0,0.3846,0.7895,0,0.5269,6.4
MACD0/BBANDS0.04/,0.75,0.8,0,0.5,0.8,0,0.57,3.8
RSI50/MOM0/BBANDS0.07/ADX20/,1,0.5,0,0.6667,1,0,0.6333,1
RSI50/MOM0/BBANDS0.07/ADX25/,1,0.5,0,0.75,1,0,0.65,2
RSI50/MOM0/BBANDS0.07/ADX30/,1,0.5,0,0.75,0.8333,0,0.6167,2.2
RSI50/MOM0/BBANDS0.07/ADX35/,1,0.6,0,0.75,0.8333,0,0.6367,2.6
RSI50/MOM0/BBANDS0.07/ADX40/,1,0.6,0,0.6,0.8571,0,0.6114,2.8
RSI50/MOM0/BBANDS0.07/ADX45/,1,0.6,0,0.6,0.8571,0,0.6114,2.8
RSI50/MOM0/BBANDS0.07/ADX50/,1,0.6,0,0.6,0.8571,0,0.6114,2.8
RSI50/MOM0/BBANDS0.06/,0.5,0.5,0,0.6,1,0,0.52,2.2
RSI50/MOM0/BBANDS0.05/,0,0.5,0,0.6,1,0,0.42,1.8
RSI50/MOM0/BBANDS0.04/,0,0.5,0,0.75,1,0,0.45,1.4
MOM0/BBANDS0.07/ADX20/,0.8,0.3333,0,0.6,0.5,0,0.4467,2.4
MOM0/BBANDS0.07/ADX25/,0.625,0.4,0,0.75,0.6923,0,0.4935,4.8
MOM0/BBANDS0.07/ADX30/,0.7143,0.5,0,0.8182,0.6,0,0.5265,7.6
MOM0/BBANDS0.07/ADX35/,0.7778,0.5789,0,0.75,0.6087,0,0.5431,9.6
MOM0/BBANDS0.07/ADX40/,0.7619,0.64,1,0.6471,0.5926,0,0.5283,11.8
MOM0/BBANDS0.07/ADX45/,0.7619,0.6552,1,0.6667,0.6207,0,0.5409,13
MOM0/BBANDS0.07/ADX50/,0.7727,0.6774,1,0.6667,0.6333,0,0.55,14.2
MOM0/BBANDS0.06/,0.7895,0.6667,0.5,0.65,0.75,0,0.5712,12.4
MOM0/BBANDS0.05/,0.7692,0.6842,0.5,0.5882,0.7647,0,0.5613,9.2
MOM0/BBANDS0.04/,0.7143,0.7333,0.5,0.6667,0.75,0,0.5729,6
RSI50/BBANDS0.07/ADX20/,1,0.5,0,0.5,1,0,0.6,1.6
RSI50/BBANDS0.07/ADX25/,1,0.5,0,0.6667,0.6,0,0.5533,3
RSI50/BBANDS0.07/ADX30/,0.75,0.6,0,0.7143,0.5714,0,0.5271,3.8
RSI50/BBANDS0.07/ADX35/,0.8,0.6667,0,0.7143,0.5294,0,0.5421,4.4
RSI50/BBANDS0.07/ADX40/,0.8,0.5714,0,0.625,0.6364,0,0.5266,5.4
RSI50/BBANDS0.07/ADX45/,0.8,0.5714,0,0.5556,0.6364,0,0.5127,5.4
RSI50/BBANDS0.07/ADX50/,0.8,0.5714,0,0.5556,0.6364,0,0.5127,5.4
RSI50/BBANDS0.06/,0.75,0.5,0,0.5556,0.6667,0,0.4945,4.6
RSI50/BBANDS0.05/,0,0.6,0,0.5,0.7143,0,0.3629,3.4
RSI50/BBANDS0.04/,0,0.6,0,0.6,0.8,0,0.4,2.8
BBANDS0.07/ADX20/,0.8889,0.3846,1,0.3333,0.4545,0,0.4123,4.6
BBANDS0.07/ADX25/,0.6875,0.3478,1,0.5926,0.4194,1,0.6095,9.8
BBANDS0.07/ADX30/,0.7,0.4545,1,0.6053,0.4255,0.5,0.5371,16
BBANDS0.04/,0.6429,0.64,0.6667,0.5455,0.6774,0,0.5012,11.6
RSI50/MOM0/MACD0/BOP0.05/ADX20/,0.6667,0.5,1,0.75,0.6667,0,0.5167,1.6
RSI50/MOM0/MACD0/BOP0.05/ADX25/,0.75,0.5,1,0.8333,0.7143,0,0.5595,2.8
RSI50/MOM0/MACD0/BOP0.05/ADX30/,0.8,0.3333,1,0.8333,0.7,0,0.5333,3.4
RSI50/MOM0/MACD0/BOP0.05/ADX35/,0.8,0.5,1,0.8333,0.6667,0,0.56,3.8
RSI50/MOM0/MACD0/BOP0.05/ADX40/,0.8,0.5,1,0.625,0.6923,0,0.5235,4
RSI50/MOM0/MACD0/BOP0.05/ADX45/,0.8,0.6667,1,0.625,0.6667,0,0.5517,4.6
RSI50/MOM0/MACD0/BOP0.05/ADX50/,0.8,0.6667,1,0.625,0.6667,0,0.5517,4.6
MOM0/MACD0/BOP0.05/ADX20/,0.8462,0.25,1,0.7143,0.4444,0,0.451,5.2
MOM0/MACD0/BOP0.05/ADX25/,0.8947,0.1818,1,0.6364,0.5333,0,0.4492,8.4
MOM0/MACD0/BOP0.05/ADX30/,0.8929,0.3333,1,0.6154,0.5854,0.1667,0.5187,13
RSI50/MACD0/BOP0.05/ADX20/,0.8333,0.3333,1,0.6,0.6,0,0.4733,2.4
RSI50/MACD0/BOP0.05/ADX25/,0.8182,0.2,1,0.625,0.5,0,0.4286,4.4
RSI50/MACD0/BOP0.05/ADX30/,0.8,0.1667,1,0.625,0.6364,0,0.4456,6.4
RSI50/MACD0/BOP0.05/ADX35/,0.8125,0.2857,1,0.625,0.6154,0,0.4677,7.2
RSI50/MACD0/BOP0.05/ADX40/,0.8125,0.25,1,0.5455,0.6207,0,0.4457,7.8
RSI50/MACD0/BOP0.05/ADX45/,0.8125,0.4,1,0.5,0.6129,0,0.4651,8.4
RSI50/MACD0/BOP0.05/ADX50/,0.8125,0.4,1,0.5,0.6129,0,0.4651,8.4
MACD0/BOP0.05/ADX20/,0.9,0.2727,1,0.5,0.45,0,0.4245,7
MACD0/BOP0.05/ADX25/,0.9118,0.2778,1,0.5,0.5,0,0.4379,13.2
MACD0/BOP0.05/ADX30/,0.8958,0.3571,1,0.5,0.6,0.1429,0.4992,20.4
RSI50/MOM0/BOP0.05/ADX20/,0.6667,0.5,1,0.75,0.6667,0,0.5167,1.6
RSI50/MOM0/BOP0.05/ADX25/,0.75,0.5,1,0.8333,0.7143,0,0.5595,2.8
RSI50/MOM0/BOP0.05/ADX30/,0.8,0.3333,1,0.8571,0.6364,0,0.5254,3.6
RSI50/MOM0/BOP0.05/ADX35/,0.8,0.5,1,0.8571,0.6154,0,0.5545,4
RSI50/MOM0/BOP0.05/ADX40/,0.8,0.5,1,0.6667,0.6429,0,0.5219,4.2
RSI50/MOM0/BOP0.05/ADX45/,0.8,0.6667,1,0.6667,0.625,0,0.5517,4.8
RSI50/MOM0/BOP0.05/ADX50/,0.8,0.6667,1,0.6667,0.625,0,0.5517,4.8
MOM0/BOP0.05/ADX20/,0.8667,0.25,1,0.7143,0.4444,0.3333,0.5217,5.8
MOM0/BOP0.05/ADX25/,0.8,0.25,1,0.6667,0.5333,0.2,0.49,9.6
MOM0/BOP0.05/ADX30/,0.8235,0.4,1,0.6471,0.5556,0.2857,0.5424,15.2
RSI50/BOP0.05/ADX20/,0.8333,0.3333,1,0.6,0.6,1,0.6733,2.6
RSI50/BOP0.05/ADX25/,0.8182,0.2,1,0.625,0.5333,0.5,0.5353,4.8
RSI50/BOP0.05/ADX30/,0.8,0.1667,1,0.7,0.64,0.3333,0.528,7.4
RSI50/BOP0.05/ADX35/,0.8125,0.2857,1,0.7,0.6207,0.3333,0.5504,8.2
RSI50/BOP0.05/ADX40/,0.8125,0.25,1,0.6154,0.6364,0.3333,0.5295,9
RSI50/BOP0.05/ADX45/,0.8125,0.4,1,0.5714,0.6286,0.25,0.5325,9.6
RSI50/BOP0.05/ADX50/,0.8125,0.4545,1,0.5714,0.6286,0.25,0.5434,9.8
BOP0.05/ADX20/,0.8519,0.3077,1,0.5,0.4545,0.3333,0.4895,9.2
BOP0.05/ADX25/,0.8085,0.3636,1,0.5185,0.5,0.2,0.4781,16.8
BOP0.05/ADX30/,0.8182,0.4444,1,0.5526,0.5823,0.2222,0.5239,27.8
RSI50/MOM0/MACD0/ADX20/,0.6667,0.5,1,0.75,0.6667,0,0.5167,1.8
RSI50/MOM0/MACD0/ADX25/,0.75,0.6,1,0.7143,0.7143,0,0.5557,3.2
RSI50/MOM0/MACD0/ADX30/,0.8,0.5,1,0.7143,0.7,0,0.5429,3.8
RSI50/MOM0/MACD0/ADX35/,0.8333,0.5714,1,0.7143,0.6667,0.3333,0.6238,4.6
RSI50/MOM0/MACD0/ADX40/,0.8333,0.5714,1,0.5556,0.6923,0.3333,0.5972,4.8
RSI50/MOM0/MACD0/ADX45/,0.8333,0.6667,1,0.5556,0.6667,0.25,0.5945,5.4
RSI50/MOM0/MACD0/ADX50/,0.8333,0.6667,1,0.5556,0.6667,0.25,0.5945,5.4
MOM0/MACD0/ADX20/,0.8462,0.3,1,0.7143,0.4444,0,0.461,5.4
MOM0/MACD0/ADX25/,0.8947,0.2667,1,0.6154,0.5,0,0.4554,9
MOM0/MACD0/ADX30/,0.8929,0.36,1,0.6,0.5581,0.1667,0.5155,13.6
RSI50/MACD0/ADX20/,0.8333,0.4,1,0.6,0.6667,0,0.5,2.8
RSI50/MACD0/ADX25/,0.8333,0.375,1,0.6364,0.5333,0,0.4756,5.6
RSI50/MACD0/ADX30/,0.8125,0.3,1,0.6364,0.6522,0,0.4802,7.6
RSI50/MACD0/ADX35/,0.8333,0.3333,1,0.6364,0.6429,0.3333,0.5558,9
RSI50/MACD0/ADX40/,0.8421,0.3077,1,0.5714,0.6667,0.3333,0.5442,10.2
RSI50/MACD0/ADX45/,0.8421,0.4,1,0.5333,0.6571,0.25,0.5365,10.8
RSI50/MACD0/ADX50/,0.8421,0.4,1,0.5333,0.6571,0.25,0.5365,10.8
MACD0/ADX20/,0.9048,0.3077,1,0.5,0.4762,0,0.4377,7.8
MACD0/ADX25/,0.8919,0.3043,1,0.56,0.5,0,0.4512,15.4
MACD0/ADX30/,0.8846,0.3714,1,0.5312,0.5938,0.1429,0.5048,23
RSI50/MOM0/ADX20/,0.6667,0.3333,1,0.75,0.6667,0,0.4833,1.8
RSI50/MOM0/ADX25/,0.75,0.375,1,0.7143,0.75,0,0.5179,3.4
RSI50/MOM0/ADX30/,0.8,0.3333,1,0.75,0.6667,0,0.51,4.2
RSI50/MOM0/ADX35/,0.8333,0.4,1,0.75,0.6429,0.3333,0.5919,5
RSI50/MOM0/ADX40/,0.8333,0.4,1,0.6,0.6667,0.3333,0.5667,5.2
RSI50/MOM0/ADX45/,0.8333,0.5,1,0.6,0.6471,0.25,0.5661,5.8
RSI50/MOM0/ADX50/,0.8333,0.5,1,0.6,0.6471,0.25,0.5661,5.8
MOM0/ADX20/,0.8667,0.2308,1,0.7143,0.4444,0.3333,0.5179,6
MOM0/ADX25/,0.8,0.25,1,0.6667,0.5152,0.2,0.4864,10.6
MOM0/ADX30/,0.8235,0.3636,1,0.7083,0.5417,0.2857,0.5446,17
RSI50/ADX20/,0.8889,0.3,1,0.6667,0.6364,1,0.6984,4.6
RSI50/ADX25/,0.8824,0.2778,1,0.6429,0.6154,0.3333,0.5504,9.2
RSI50/ADX30/,0.8571,0.3043,1,0.6471,0.6486,0.25,0.5414,12.2
RSI50/MOM0/MACD0/BOP0.05/BBANDS0.07/,0.5,1,0,0.6,1,0,0.62,2.4
MOM0/MACD0/BOP0.05/BBANDS0.07/,0.7647,0.7273,0,0.5714,0.7391,0,0.5605,8.4
RSI50/MACD0/BOP0.05/BBANDS0.07/,0.6,0.6667,0,0.4286,0.6667,0,0.4724,3.6
MACD0/BOP0.05/BBANDS0.07/,0.7826,0.6429,0,0.4444,0.6667,0,0.5073,11.8
RSI50/MOM0/BOP0.05/BBANDS0.07/,0.5,1,0,0.6,0.8571,0,0.5914,2.4
MOM0/BOP0.05/BBANDS0.07/,0.7273,0.6818,1,0.6471,0.6562,0,0.5425,12.6
RSI50/BOP0.05/BBANDS0.07/,0.6,0.6667,0,0.5,0.6471,0,0.4828,4
BOP0.05/BBANDS0.07/,0.7297,0.6,1,0.5122,0.629,0,0.4942,21
RSI50/MOM0/MACD0/BBANDS0.07/,0.6667,1,0,0.6,1,0,0.6533,2.8
MOM0/MACD0/BBANDS0.07/,0.7778,0.6923,0,0.5714,0.7391,0,0.5561,8.8
RSI50/MACD0/BBANDS0.07/,0.6667,0.75,0,0.5,0.7059,0,0.5245,4.6
MACD0/BBANDS0.07/,0.7692,0.6471,0,0.4783,0.6923,0,0.5174,13.8
RSI50/MOM0/BBANDS0.07/,0.6667,0.6,0,0.6,0.8571,0,0.5448,2.8
MOM0/BBANDS0.07/,0.75,0.6765,0.5,0.6818,0.6471,0,0.5511,15.6
RSI50/BBANDS0.07/,0.6667,0.5714,0,0.5556,0.6364,0,0.486,5.4
RSI50/MOM0/MACD0/BOP0.05/,0.5714,0.6667,1,0.6667,0.6667,0,0.5143,4.8
RSI50/MACD0/BOP0.05/,0.7368,0.4,1,0.5385,0.6129,0,0.4576,8.8
RSI50/MOM0/BOP0.05/,0.5714,0.6667,1,0.7,0.625,0,0.5126,5
RSI50/BOP0.05/,0.7368,0.4545,1,0.6,0.6286,0.25,0.534,10.2
RSI50/MOM0/MACD0/,0.625,0.6667,1,0.6,0.6667,0.25,0.5617,5.6
RSI50/MACD0/,0.7727,0.4,1,0.5625,0.6571,0.25,0.5285,11.2
RSI50/MOM0/,0.625,0.5,1,0.6364,0.6471,0.25,0.5317,6
RSI60/MOM0/MACD0/BOP0.03/ADX30/,1,0,0,1,0,0,0.4,0.4
RSI60/MOM0/MACD0/BOP0.03/ADX35/,1,0,0,1,0,0,0.4,0.4
RSI60/MOM0/MACD0/BOP0.03/ADX40/,1,1,0,1,0,0,0.6,0.6
RSI60/MOM0/MACD0/BOP0.03/ADX45/,1,1,0,1,0,0,0.6,0.6
RSI60/MOM0/MACD0/BOP0.03/ADX50/,1,1,0,1,0,0,0.6,0.6
RSI60/MOM0/MACD0/BOP0.01/,1,1,0,1,0.3333,0,0.6667,1.4
RSI60/MOM0/MACD0/BOP-0.01/,1,1,0,1,0.3333,0,0.6667,1.4
RSI60/MOM0/MACD0/BOP-0.03/,1,1,0,1,0.3333,0,0.6667,1.4
RSI60/MOM0/MACD0/BOP-0.05/,1,1,0,1,0.3333,0,0.6667,1.4
MOM0/MACD0/BOP0.03/ADX30/,0.9444,0.25,1,0.5714,0.5,0.1667,0.4865,7.6
RSI60/MACD0/BOP0.03/ADX30/,1,0.6667,0,0.3333,0.8,0,0.56,3
RSI60/MACD0/BOP0.03/ADX35/,1,0.6667,0,0.3333,0.875,0,0.575,3.6
RSI60/MACD0/BOP0.03/ADX40/,1,0.75,0,0.25,0.8889,0,0.5778,4
RSI60/MACD0/BOP0.03/ADX45/,1,0.75,0,0.25,0.8889,0,0.5778,4
RSI60/MACD0/BOP0.03/ADX50/,1,0.75,0,0.25,0.8889,0,0.5778,4
RSI60/MACD0/BOP0.01/,1,0.7143,0,0.3636,0.75,0,0.5656,6.6
RSI60/MACD0/BOP-0.01/,1,0.7143,0,0.3636,0.75,0,0.5656,6.6
RSI60/MACD0/BOP-0.03/,1,0.8333,0,0.3,0.75,0,0.5767,6.4
RSI60/MACD0/BOP-0.05/,1,0.8,0,0.3333,0.75,0,0.5767,6.2
MACD0/BOP0.03/ADX30/,0.9412,0.2857,1,0.4545,0.6,0.1667,0.4896,13
RSI60/MOM0/BOP0.03/ADX30/,0.5,0,0,0.5,0,0,0.2,0.4
RSI60/MOM0/BOP0.03/ADX35/,0.5,0,0,0.5,0.5,0,0.3,0.6
RSI60/MOM0/BOP0.03/ADX40/,0.5,1,0,0.5,0.6667,0,0.5333,1
RSI60/MOM0/BOP0.03/ADX45/,0.5,1,0,0.6667,0.5,0,0.5333,1.2
RSI60/MOM0/BOP0.03/ADX50/,0.5,0.5,0,0.75,0.5,0,0.45,1.4
RSI60/MOM0/BOP0.01/,0.8,0.6,0,0.625,0.3333,0,0.4717,3
RSI60/MOM0/BOP-0.01/,0.8,0.6,0,0.625,0.3333,0,0.4717,3
RSI60/MOM0/BOP-0.03/,0.8,0.75,0,0.625,0.3333,0,0.5017,3
RSI60/MOM0/BOP-0.05/,0.8,0.75,0,0.625,0.3333,0,0.5017,3
MOM0/BOP0.03/ADX30/,0.9,0.25,1,0.5556,0.52,0.2857,0.5023,8.4
RSI60/BOP0.03/ADX30/,0.8,0.8,0,0.375,0.8462,0,0.5642,6
RSI60/BOP0.03/ADX35/,0.8,0.8333,0,0.3333,0.8333,0,0.56,7
RSI60/BOP0.03/ADX40/,0.8,0.8571,0,0.3,0.8095,0,0.5533,7.6
RSI60/BOP0.03/ADX45/,0.8,0.875,0,0.3636,0.7727,0,0.5623,8
RSI60/BOP0.03/ADX50/,0.8,0.8,0,0.3846,0.7727,0,0.5515,8.4
RSI60/BOP0.01/,0.7727,0.6875,1,0.4643,0.6389,0.25,0.5627,13
RSI60/BOP-0.01/,0.8095,0.6667,1,0.4643,0.6389,0.25,0.5659,12.8
RSI60/BOP-0.03/,0.8095,0.75,1,0.4444,0.6571,0.3333,0.5989,12.4
RSI60/BOP-0.05/,0.8421,0.7273,1,0.48,0.6571,0,0.5413,11.8
BOP0.03/ADX30/,0.8864,0.3478,1,0.5263,0.6522,0.25,0.5325,17.8
RSI60/MOM0/MACD0/BOP0.05/ADX30/,1,0,0,1,1,0,0.6,0.8
RSI60/MOM0/MACD0/BOP0.05/ADX35/,1,0,0,1,1,0,0.6,1
RSI60/MOM0/MACD0/BOP0.05/ADX40/,1,1,0,1,0.6667,0,0.7333,1.2
RSI60/MOM0/MACD0/BOP0.05/ADX45/,1,1,0,1,0.6667,0,0.7333,1.2
RSI60/MOM0/MACD0/BOP0.05/ADX50/,1,1,0,1,0.6667,0,0.7333,1.6
RSI60/MOM0/MACD0/BOP0.03/,1,1,0,1,0.3333,0,0.6667,1.4
RSI60/MACD0/BOP0.05/ADX30/,1,0.75,0,0.5,0.75,0,0.6,4.6
RSI60/MACD0/BOP0.05/ADX35/,1,0.75,0,0.4,0.8462,0,0.5992,5.6
RSI60/MACD0/BOP0.05/ADX40/,1,0.8,0,0.3636,0.8,0,0.5927,6.2
RSI60/MACD0/BOP0.05/ADX45/,1,0.8,0,0.3636,0.8,0,0.5927,6.2
RSI60/MACD0/BOP0.05/ADX50/,1,0.8333,0,0.3636,0.8,0,0.5994,6.6
RSI60/MACD0/BOP0.03/,1,0.7143,0,0.3636,0.75,0,0.5656,6.6
RSI60/MOM0/BOP0.05/ADX30/,0.75,0,0,0.6667,0.5,0,0.3833,1.2
RSI60/MOM0/BOP0.05/ADX35/,0.75,0.5,0,0.5,0.5,0,0.45,1.8
RSI60/MOM0/BOP0.05/ADX40/,0.75,0.6667,0,0.5,0.5,0,0.4833,2.2
RSI60/MOM0/BOP0.05/ADX45/,0.75,0.6667,0,0.6,0.4444,0,0.4922,2.4
RSI60/MOM0/BOP0.05/ADX50/,0.8,0.6,0,0.625,0.4444,0,0.4939,3.2
RSI60/MOM0/BOP0.03/,0.8,0.6,0,0.625,0.3333,0,0.4717,3
RSI60/BOP0.05/ADX30/,0.75,0.6667,1,0.5294,0.6667,0,0.5226,8.8
RSI60/BOP0.05/ADX35/,0.75,0.7273,1,0.4545,0.7,0,0.5264,10.8
RSI60/BOP0.05/ADX40/,0.7619,0.75,1,0.4348,0.6857,0,0.5265,11.8
RSI60/BOP0.05/ADX45/,0.7619,0.7692,1,0.4583,0.6667,0,0.5312,12.2
RSI60/BOP0.05/ADX50/,0.7727,0.75,1,0.4643,0.6667,0,0.5307,13.2
RSI60/BOP0.03/,0.7727,0.7059,1,0.4483,0.6486,0.25,0.5651,13.4
RSI60/MOM0/MACD0/ADX30/,1,0,0,1,1,0,0.6,0.8
RSI60/MOM0/MACD0/ADX35/,1,0,0,1,1,0,0.6,1
RSI60/MOM0/MACD0/ADX40/,1,1,0,1,0.6667,0,0.7333,1.2
RSI60/MOM0/MACD0/ADX45/,1,1,0,1,0.6667,0,0.7333,1.2
RSI60/MOM0/MACD0/ADX50/,1,1,0,1,0.6667,0,0.7333,1.6
RSI60/MACD0/ADX30/,0.9167,0.6,0,0.5,0.75,0,0.5533,5.2
RSI60/MACD0/ADX35/,0.9167,0.6,0,0.4286,0.8462,0,0.5583,6.2
RSI60/MACD0/ADX40/,0.9231,0.6667,0,0.4,0.8,0,0.558,6.8
RSI60/MACD0/ADX45/,0.9231,0.6667,0,0.4,0.8,0,0.558,6.8
RSI60/MACD0/ADX50/,0.9286,0.7143,0,0.4,0.8,0,0.5686,7.2
RSI60/MOM0/ADX30/,0.75,0,0,0.75,0.5,0,0.4,1.4
RSI60/MOM0/ADX35/,0.75,0.5,0,0.6,0.5,0,0.47,2
RSI60/MOM0/ADX40/,0.75,0.75,0,0.6,0.5,0,0.52,2.6
RSI60/MOM0/ADX45/,0.75,0.75,0,0.6667,0.4444,0,0.5222,2.8
RSI60/MOM0/ADX50/,0.8,0.6667,0,0.6667,0.4444,0,0.5156,3.6
RSI60/MOM0/MACD0/BOP0.05/,1,1,0,1,0.5,0,0.7,1.6
RSI60/MACD0/BOP0.05/,1,0.7143,0,0.3636,0.7647,0,0.5685,6.8
RSI60/MOM0/BOP0.05/,0.8,0.6,0,0.625,0.4,0,0.485,3.2
RSI60/BOP0.05/,0.7727,0.7059,1,0.4333,0.6579,0.25,0.564,13.6
RSI60/MOM0/MACD0/,1,1,0,1,0.5,0,0.7,1.6
RSI60/MACD0/,0.9286,0.625,0,0.4,0.7647,0,0.5437,7.4
RSI60/MOM0/,0.8,0.6667,0,0.6667,0.4,0,0.5067,3.6
RSI40/MOM0/MACD0/BOP0.03/ADX25/,1,0,1,0.5,0.3333,0,0.3667,1.2
RSI40/MOM0/MACD0/BOP0.03/ADX30/,1,0.5,1,0.5,0.6,0.5,0.62,2.8
RSI40/MOM0/MACD0/BOP0.03/ADX35/,1,0.5,1,0.5,0.6667,0.5,0.6333,3.4
RSI40/MOM0/MACD0/BOP0.03/ADX40/,1,0.5,1,0.75,0.6923,0.5,0.6885,4
RSI40/MOM0/MACD0/BOP0.03/ADX45/,1,0.5,1,0.75,0.6923,0.5,0.6885,4
RSI40/MOM0/MACD0/BOP0.03/ADX50/,1,0.5,1,0.75,0.6923,0.5,0.6885,4
RSI40/MOM0/MACD0/BOP0.01/,1,0.6667,1,0.75,0.625,0.5,0.7083,5
RSI40/MOM0/MACD0/BOP-0.01/,1,0.6667,1,0.75,0.625,0.5,0.7083,5
RSI40/MOM0/MACD0/BOP-0.03/,1,0.6667,1,0.75,0.625,0.5,0.7083,5
RSI40/MOM0/MACD0/BOP-0.05/,1,0.6667,1,0.75,0.625,0.5,0.7083,5
MOM0/MACD0/BOP0.03/ADX25/,0.9333,0,1,0.6,0.4118,0,0.389,4.8
RSI40/MACD0/BOP0.03/ADX25/,1,0,1,0.5,0.3333,0,0.3667,1.6
RSI40/MACD0/BOP0.03/ADX30/,1,0.5,1,0.6667,0.6,0.5,0.6533,3.4
RSI40/MACD0/BOP0.03/ADX35/,1,0.5,1,0.5,0.6923,0.5,0.6385,4.2
RSI40/MACD0/BOP0.03/ADX40/,1,0.5,1,0.6667,0.75,0.5,0.6833,5.4
RSI40/MACD0/BOP0.03/ADX45/,1,0.5,1,0.6667,0.7059,0.5,0.6745,5.4
RSI40/MACD0/BOP0.03/ADX50/,0.8889,0.5,1,0.6667,0.7059,0.5,0.6523,5.4
RSI40/MACD0/BOP0.01/,0.9091,0.6667,1,0.5714,0.65,0.5,0.6594,6.4
RSI40/MACD0/BOP-0.01/,0.9091,0.6667,1,0.5714,0.65,0.5,0.6594,6.4
RSI40/MACD0/BOP-0.03/,0.9091,0.6667,1,0.6,0.65,0.5,0.6652,6.2
RSI40/MACD0/BOP-0.05/,0.9091,0.6667,1,0.6,0.65,0.5,0.6652,6.2
MACD0/BOP0.03/ADX25/,0.9286,0.1667,1,0.4286,0.4545,0,0.3957,8.2
RSI40/MOM0/BOP0.03/ADX25/,1,0,1,0.5,0.3333,0,0.3667,1.2
RSI40/MOM0/BOP0.03/ADX30/,1,0.5,1,0.5,0.6,0.5,0.62,2.8
RSI40/MOM0/BOP0.03/ADX35/,1,0.5,1,0.5,0.6667,0.5,0.6333,3.4
RSI40/MOM0/BOP0.03/ADX40/,1,0.5,1,0.75,0.6923,0.5,0.6885,4
RSI40/MOM0/BOP0.03/ADX45/,1,0.5,1,0.75,0.6923,0.5,0.6885,4
RSI40/MOM0/BOP0.03/ADX50/,1,0.5,1,0.75,0.6923,0.5,0.6885,4
RSI40/MOM0/BOP0.01/,1,0.6667,1,0.75,0.625,0.5,0.7083,5
RSI40/MOM0/BOP-0.01/,1,0.6667,1,0.75,0.625,0.5,0.7083,5
RSI40/MOM0/BOP-0.03/,1,0.6667,1,0.75,0.625,0.5,0.7083,5
RSI40/MOM0/BOP-0.05/,1,0.6667,1,0.75,0.625,0.5,0.7083,5
MOM0/BOP0.03/ADX25/,0.8824,0,1,0.6,0.4118,0.2,0.4188,5.2
RSI40/BOP0.03/ADX25/,1,0,1,0.5,0.3333,0,0.3667,1.6
RSI40/BOP0.03/ADX30/,1,0.5,1,0.6667,0.6,0.5,0.6533,3.4
RSI40/BOP0.03/ADX35/,1,0.5,1,0.5,0.6923,0.5,0.6385,4.2
RSI40/BOP0.03/ADX40/,1,0.5,1,0.6667,0.75,0.5,0.6833,5.4
RSI40/BOP0.03/ADX45/,1,0.5,1,0.6667,0.7059,0.5,0.6745,5.4
RSI40/BOP0.03/ADX50/,0.8889,0.5,1,0.6667,0.7059,0.5,0.6523,5.4
RSI40/BOP0.01/,0.9091,0.6667,1,0.5714,0.65,0.5,0.6594,6.4
RSI40/BOP-0.01/,0.9091,0.6667,1,0.5714,0.65,0.5,0.6594,6.4
RSI40/BOP-0.03/,0.9091,0.6667,1,0.6,0.65,0.5,0.6652,6.2
RSI40/BOP-0.05/,0.9091,0.6667,1,0.6,0.65,0.5,0.6652,6.2
BOP0.03/ADX25/,0.8611,0.2308,1,0.5,0.5,0.2,0.4584,10.6
RSI45/ADX25/,0.8667,0.1,1,0.625,0.5789,0.3333,0.5008,6.2
RSI45/ADX30/,0.85,0.2667,1,0.5455,0.6538,0.5,0.5632,9.2
RSI40/MOM0/MACD0/BOP0.05/ADX25/,1,0,1,0.5,0.25,0,0.35,1.2
RSI40/MOM0/MACD0/BOP0.05/ADX30/,1,0.6,1,0.5,0.5385,0.5,0.6277,3.2
RSI40/MOM0/MACD0/BOP0.05/ADX35/,1,0.6,1,0.5,0.6,0.5,0.64,4
RSI40/MOM0/MACD0/BOP0.05/ADX40/,1,0.6667,1,0.75,0.625,0.5,0.7083,4.8
RSI40/MOM0/MACD0/BOP0.05/ADX45/,1,0.6667,1,0.75,0.625,0.5,0.7083,4.8
RSI40/MOM0/MACD0/BOP0.05/ADX50/,1,0.6667,1,0.75,0.625,0.5,0.7083,4.8
RSI40/MOM0/MACD0/BOP0.03/,1,0.6667,1,0.75,0.625,0.5,0.7083,5
RSI40/MACD0/BOP0.05/ADX25/,1,0,1,0.5,0.25,0,0.35,1.6
RSI40/MACD0/BOP0.05/ADX30/,1,0.6,1,0.5,0.5385,0.5,0.6277,3.8
RSI40/MACD0/BOP0.05/ADX35/,1,0.6,1,0.4,0.625,0.5,0.625,4.8
RSI40/MACD0/BOP0.05/ADX40/,1,0.6667,1,0.625,0.6842,0.5,0.6952,6.4
RSI40/MACD0/BOP0.05/ADX45/,1,0.6667,1,0.625,0.65,0.5,0.6883,6.4
RSI40/MACD0/BOP0.05/ADX50/,0.9,0.6667,1,0.625,0.65,0.5,0.6683,6.4
RSI40/MACD0/BOP0.03/,0.9091,0.6667,1,0.625,0.65,0.5,0.6702,6.6
RSI40/MOM0/BOP0.05/ADX25/,1,0,1,0.5,0.25,0,0.35,1.2
RSI40/MOM0/BOP0.05/ADX30/,1,0.6,1,0.5,0.5385,0.5,0.6277,3.2
RSI40/MOM0/BOP0.05/ADX35/,1,0.6,1,0.5,0.6,0.5,0.64,4
RSI40/MOM0/BOP0.05/ADX40/,1,0.6667,1,0.75,0.625,0.5,0.7083,4.8
RSI40/MOM0/BOP0.05/ADX45/,1,0.6667,1,0.75,0.625,0.5,0.7083,4.8
RSI40/MOM0/BOP0.05/ADX50/,1,0.6667,1,0.75,0.625,0.5,0.7083,4.8
RSI40/MOM0/BOP0.03/,1,0.6667,1,0.75,0.625,0.5,0.7083,5
RSI40/BOP0.05/ADX25/,1,0,1,0.5,0.25,0,0.35,1.6
RSI40/BOP0.05/ADX30/,1,0.6,1,0.5,0.5385,0.5,0.6277,3.8
RSI40/BOP0.05/ADX35/,1,0.6,1,0.4,0.625,0.5,0.625,4.8
RSI40/BOP0.05/ADX40/,1,0.6667,1,0.625,0.6842,0.5,0.6952,6.4
RSI40/BOP0.05/ADX45/,1,0.6667,1,0.625,0.65,0.5,0.6883,6.4
RSI40/BOP0.05/ADX50/,0.9,0.6667,1,0.625,0.65,0.5,0.6683,6.4
RSI40/BOP0.03/,0.9091,0.6667,1,0.625,0.65,0.5,0.6702,6.6
RSI40/MOM0/MACD0/ADX25/,1,0,1,0.5,0.25,0,0.35,1.2
RSI40/MOM0/MACD0/ADX30/,1,0.6,1,0.5,0.5385,0.5,0.6277,3.2
RSI40/MOM0/MACD0/ADX35/,1,0.6,1,0.5,0.6,0.5,0.64,4
RSI40/MOM0/MACD0/ADX40/,1,0.6667,1,0.75,0.625,0.5,0.7083,4.8
RSI40/MOM0/MACD0/ADX45/,1,0.6667,1,0.75,0.625,0.5,0.7083,4.8
RSI40/MOM0/MACD0/ADX50/,1,0.6667,1,0.75,0.625,0.5,0.7083,4.8
RSI40/MACD0/ADX25/,1,0,1,0.5,0.3333,0,0.3667,1.8
RSI40/MACD0/ADX30/,1,0.6667,1,0.5,0.5714,0.5,0.6476,4.2
RSI40/MACD0/ADX35/,1,0.6667,1,0.4,0.6471,0.5,0.6428,5.2
RSI40/MACD0/ADX40/,1,0.7143,1,0.625,0.7,0.5,0.7079,6.8
RSI40/MACD0/ADX45/,1,0.7143,1,0.625,0.6667,0.5,0.7012,6.8
RSI40/MACD0/ADX50/,0.9,0.7143,1,0.625,0.6667,0.5,0.6812,6.8
RSI40/MOM0/ADX25/,1,0,1,0.5,0.25,0,0.35,1.2
RSI40/MOM0/ADX30/,1,0.6,1,0.5,0.5385,0.5,0.6277,3.2
RSI40/MOM0/ADX35/,1,0.6,1,0.5,0.6,0.5,0.64,4
RSI40/MOM0/ADX40/,1,0.6667,1,0.75,0.625,0.5,0.7083,4.8
RSI40/MOM0/ADX45/,1,0.6667,1,0.75,0.625,0.5,0.7083,4.8
RSI40/MOM0/ADX50/,1,0.6667,1,0.75,0.625,0.5,0.7083,4.8
RSI40/ADX25/,1,0,1,0.5,0.2727,0,0.3545,2.2
RSI40/ADX30/,1,0.7143,1,0.5,0.5,0.3333,0.6095,4.8
RSI40/ADX35/,1,0.7143,1,0.4,0.5789,0.5,0.6386,6
RSI40/ADX40/,1,0.75,1,0.6667,0.6364,0.5,0.7106,7.8
RSI40/ADX45/,1,0.75,1,0.6667,0.6087,0.5,0.7051,7.8
RSI40/ADX50/,0.9167,0.75,1,0.6667,0.6087,0.5,0.6884,7.8
RSI40/MOM0/MACD0/BOP0.05/,1,0.6667,1,0.75,0.625,0.5,0.7083,5
RSI40/MACD0/BOP0.05/,0.9091,0.6667,1,0.625,0.65,0.5,0.6702,6.6
RSI40/MOM0/BOP0.05/,1,0.6667,1,0.75,0.625,0.5,0.7083,5
RSI40/BOP0.05/,0.9091,0.6667,1,0.625,0.65,0.5,0.6702,6.6
RSI40/MOM0/MACD0/,1,0.6667,1,0.75,0.625,0.5,0.7083,5
RSI40/MACD0/,0.9091,0.7143,1,0.625,0.6667,0.5,0.683,7
RSI40/MOM0/,1,0.6667,1,0.75,0.625,0.5,0.7083,5
RSI40/,0.875,0.5833,1,0.6364,0.6538,0.4,0.6297,9.4
RSI55/MACD0/BOP0.05/BBANDS0.07/ADX45/,0.8333,1,0,0.1667,0.6364,0,0.5273,3.2
RSI55/MACD0/BOP0.05/BBANDS0.07/ADX50/,0.8333,1,0,0.1667,0.6364,0,0.5273,3.2
RSI55/MACD0/BOP0.05/BBANDS0.06/,0.8333,1,0,0.2,0.7778,0,0.5622,2.8
RSI55/MACD0/BOP0.05/BBANDS0.05/,1,1,0,0,1,0,0.6,1.2
RSI55/MACD0/BOP0.05/BBANDS0.04/,0,1,0,0,1,0,0.4,0.6
RSI55/MACD0/BOP0.05/BBANDS0.03/,0,0,0,0,0,0,0,0
RSI55/MACD0/BOP0.05/BBANDS0.02/,0,0,0,0,0,0,0,0
RSI55/MACD0/BOP0.03/,0.95,0.5,0,0.2857,0.6667,1,0.6805,9
RSI55/MACD0/BOP0.01/,0.95,0.5,0,0.2857,0.6667,1,0.6805,9
RSI55/MACD0/BOP-0.01/,0.95,0.5,0,0.2857,0.6667,1,0.6805,9
RSI55/MACD0/BOP-0.03/,0.95,0.5,0,0.2857,0.6923,1,0.6856,9
RSI55/MACD0/BOP-0.05/,0.9474,0.4444,0,0.3333,0.6923,1,0.6835,8.6
RSI50/MACD0/BOP0.05/BBANDS0.03/,0,0,0,0.6667,0.5,0,0.2333,0.6
RSI50/MACD0/BOP0.05/BBANDS0.02/,0,0,0,0,1,0,0.2,0.2
RSI50/MACD0/BOP-0.01/,0.7368,0.4444,1,0.5833,0.6,0,0.4729,8.6
RSI50/MACD0/BOP-0.03/,0.7368,0.5,1,0.5833,0.6207,0,0.4882,8.6
RSI50/MACD0/BOP-0.05/,0.7222,0.5,1,0.6364,0.6207,0,0.4959,8.4
MACD0/BOP0.05/BBANDS0.03/,0.5,0,0,0.6,0.6667,0,0.3533,1.2
MACD0/BOP0.05/BBANDS0.02/,0.5,0,0,0,1,0,0.3,0.6
RSI55/BOP0.05/BBANDS0.07/ADX45/,0.625,0.8,0,0.375,0.6,0,0.48,4.2
RSI55/BOP0.05/BBANDS0.07/ADX50/,0.625,0.8,0,0.375,0.6,0,0.48,4.2
RSI55/BOP0.05/BBANDS0.06/,0.625,0.6667,0,0.3333,0.8,0,0.485,3.4
RSI55/BOP0.05/BBANDS0.05/,0.3333,1,0,0.2,1,0,0.5067,1.8
RSI55/BOP0.05/BBANDS0.04/,0,1,0,0,1,0,0.4,1
RSI55/BOP0.05/BBANDS0.03/,0,1,0,0,0,0,0.2,0.2
RSI55/BOP0.05/BBANDS0.02/,0,0,0,0,0,0,0,0
RSI55/BOP0.03/,0.875,0.6,0,0.3846,0.6944,0.5,0.6108,12.4
RSI55/BOP0.01/,0.875,0.5714,0,0.3846,0.6944,0.5,0.6051,12.2
RSI55/BOP-0.01/,0.875,0.5385,0,0.3846,0.6944,0.5,0.5985,12
RSI55/BOP-0.03/,0.875,0.5385,0,0.3333,0.7143,0.6667,0.6256,11.8
RSI55/BOP-0.05/,0.8636,0.5,0,0.4,0.7143,0.5,0.5956,11
RSI50/BOP0.05/BBANDS0.03/,0,0,0,0.6667,0.5,0,0.2333,0.6
RSI50/BOP0.05/BBANDS0.02/,0,0,0,0,1,0,0.2,0.2
RSI50/BOP-0.01/,0.7368,0.5,1,0.6429,0.6176,0.25,0.5495,10
RSI50/BOP-0.03/,0.7368,0.5556,1,0.6154,0.6364,0.25,0.5588,9.8
RSI50/BOP-0.05/,0.7222,0.5556,1,0.6667,0.6364,0.25,0.5662,9.6
BOP0.05/BBANDS0.03/,0.8,0.75,0,0.5,0.5556,0,0.5211,3.2
BOP0.05/BBANDS0.02/,0.6667,0,0,0,1,0,0.3333,1.2
RSI55/MACD0/BBANDS0.07/ADX45/,0.7143,0.75,0,0.125,0.6923,0,0.4563,3.6
RSI55/MACD0/BBANDS0.07/ADX50/,0.7143,0.75,0,0.125,0.6923,0,0.4563,3.6
RSI55/MACD0/BBANDS0.06/,0.8333,0.5,0,0.2,0.8182,0,0.4703,3.2
RSI55/MACD0/BBANDS0.05/,1,1,0,0,1,0,0.6,1.6
RSI55/MACD0/BBANDS0.04/,0,1,0,0,1,0,0.4,1
RSI55/MACD0/BBANDS0.03/,0,0,0,0,0,0,0,0
RSI55/MACD0/BBANDS0.02/,0,0,0,0,0,0,0,0
RSI50/MACD0/BBANDS0.03/,0,1,0,0.6667,0.5,0,0.4333,0.8
RSI50/MACD0/BBANDS0.02/,0,0,0,0,1,0,0.2,0.2
MACD0/BBANDS0.03/,0.6667,1,0,0.6,0.75,0,0.6033,1.8
MACD0/BBANDS0.02/,0.6667,0,0,0,1,0,0.3333,1
RSI55/BBANDS0.07/ADX45/,0.6429,0.4,0,0.3636,0.5217,1,0.5856,6.4
RSI55/BBANDS0.07/ADX50/,0.6429,0.4,0,0.3636,0.5217,1,0.5856,6.4
RSI55/BBANDS0.06/,0.6923,0.3333,0,0.4286,0.6471,0,0.4203,5.4
RSI55/BBANDS0.05/,0.5714,0.4286,0,0.2,0.7778,0,0.3956,3
RSI55/BBANDS0.04/,0.5,0.4286,0,0,0.7143,0,0.3286,2
RSI55/BBANDS0.03/,1,0.5,0,0,0,0,0.3,0.6
RSI55/BBANDS0.02/,0,0,0,0,0,0,0,0
RSI50/BBANDS0.03/,0,0.5,0,0.6667,0.6667,0,0.3667,1
RSI50/BBANDS0.02/,0,0,0,0,1,0,0.2,0.4
BBANDS0.03/,0.75,0.6923,0,0.5455,0.5,0,0.4976,5.6
BBANDS0.02/,0.75,0.25,0,0,0.8333,0,0.3667,1.8
RSI55/MACD0/BOP0.05/ADX45/,0.9474,0.5,0,0.2857,0.625,1,0.6716,8.2
RSI55/MACD0/BOP0.05/ADX50/,0.9474,0.5,0,0.2857,0.64,1,0.6746,8.4
RSI55/BOP0.05/ADX45/,0.8696,0.5714,0,0.4167,0.6667,0.3333,0.5715,11.2
RSI55/BOP0.05/ADX50/,0.8696,0.6,0,0.4167,0.6765,0.3333,0.5792,11.6
RSI55/MACD0/ADX45/,0.9048,0.3571,0,0.3,0.6207,1,0.6365,9.2
RSI55/MACD0/ADX50/,0.9048,0.3571,0,0.3,0.6333,1,0.639,9.4
RSI55/ADX45/,0.825,0.4151,1,0.5333,0.5882,0.3636,0.545,23
RSI55/ADX50/,0.825,0.4259,1,0.5333,0.5942,0.3636,0.5484,23.4
RSI55/MACD0/BOP0.05/BBANDS0.07/,0.8333,1,0,0.1667,0.6364,0,0.5273,3.2
RSI55/BOP0.05/BBANDS0.07/,0.625,0.8,0,0.375,0.6,0,0.48,4.2
RSI55/MACD0/BBANDS0.07/,0.7143,0.75,0,0.125,0.6923,0,0.4563,3.6
RSI55/BBANDS0.07/,0.6429,0.4,0,0.3636,0.5217,1,0.5856,6.4
RSI55/MACD0/BOP0.05/,0.95,0.4545,0,0.2857,0.6667,1,0.6714,9
RSI55/BOP0.05/,0.875,0.5625,0,0.3846,0.6944,0.5,0.6033,12.4
RSI55/MACD0/,0.9091,0.3333,0,0.3,0.6562,1,0.6397,10
RSI55/ADX20/,0.9231,0.3077,1,0.4545,0.5,1,0.6371,5.4
RSI55/ADX25/,0.8,0.2857,1,0.5789,0.4643,0.6667,0.5591,10.8
RSI55/ADX30/,0.8182,0.3659,1,0.5909,0.5385,0.3333,0.5294,17
RSI55/ADX35/,0.8378,0.3878,1,0.5769,0.5738,0.4286,0.561,20.6
RSI55/ADX40/,0.825,0.3922,1,0.5714,0.5909,0.375,0.5509,22.2
RSI60/BBANDS0.07/ADX25/,0.5714,0.2143,1,0.5,0.3333,1,0.5238,3
RSI60/BBANDS0.07/ADX30/,0.6667,0.2353,1,0.5333,0.3333,0.5,0.4537,5.2
RSI60/BBANDS0.07/ADX35/,0.6667,0.2778,1,0.4737,0.4,0.5,0.4636,6.2
RSI60/BBANDS0.07/ADX40/,0.6923,0.3,1,0.4737,0.4583,0.5,0.4849,7.2
RSI60/BBANDS0.07/ADX45/,0.6923,0.3,1,0.4737,0.4583,0.5,0.4849,7.2
RSI60/BBANDS0.07/ADX50/,0.7143,0.3333,1,0.4762,0.4583,0.5,0.4964,7.8
RSI60/BBANDS0.06/,0.75,0.375,1,0.4286,0.4737,0,0.4055,6
RSI60/BBANDS0.07/,0.7143,0.3182,1,0.4762,0.4583,0.5,0.4934,7.8
RSI50/MOM0/MACD0/BOP-0.01/,0.5714,0.6667,1,0.75,0.6429,0,0.5262,4.6
RSI50/MOM0/MACD0/BOP-0.03/,0.5714,0.6667,1,0.75,0.6429,0,0.5262,4.6
RSI50/MOM0/MACD0/BOP-0.05/,0.5714,0.6667,1,0.8571,0.6429,0,0.5476,4.6
RSI50/MOM0/BOP-0.01/,0.5714,0.6667,1,0.7778,0.6,0,0.5232,4.8
RSI50/MOM0/BOP-0.03/,0.5714,0.6667,1,0.75,0.6,0,0.5176,4.6
RSI50/MOM0/BOP-0.05/,0.5714,0.6667,1,0.8571,0.6,0,0.539,4.6
RSI50/MACD0/BOP0.03/ADX25/,0.75,0,1,0.6667,0.4,0,0.3633,2
RSI50/MACD0/BOP0.03/ADX30/,0.8182,0,1,0.6667,0.6364,0,0.4243,3.6
RSI50/MACD0/BOP0.03/ADX35/,0.8333,0,1,0.6667,0.6154,0,0.4231,4
RSI50/MACD0/BOP0.03/ADX40/,0.8333,0,1,0.6,0.5714,0,0.4009,4.2
RSI50/MACD0/BOP0.03/ADX45/,0.8333,0.3333,1,0.6,0.5625,0,0.4658,4.8
RSI50/MACD0/BOP0.03/ADX50/,0.8333,0.3333,1,0.6,0.5625,0,0.4658,4.8
RSI45/MACD0/BOP0.03/ADX25/,0.9,0,0,0,0.8333,0,0.3467,2.8
RSI45/MACD0/BOP0.03/ADX30/,0.9,0,1,0,0.8571,0,0.3514,3
RSI50/BOP0.03/ADX25/,0.75,0,1,0.6667,0.5,0.5,0.4833,2.4
RSI50/BOP0.03/ADX30/,0.8182,0,1,0.75,0.6923,0.3333,0.5188,4.4
RSI50/BOP0.03/ADX35/,0.8333,0,1,0.75,0.6667,0.3333,0.5167,4.8
RSI50/BOP0.03/ADX40/,0.8333,0,1,0.6667,0.625,0.3333,0.4917,5
RSI50/BOP0.03/ADX45/,0.8333,0.3333,1,0.6667,0.6111,0.25,0.5389,5.6
RSI50/BOP0.03/ADX50/,0.8333,0.4286,1,0.6667,0.6111,0.25,0.5579,5.8
RSI45/BOP0.03/ADX25/,0.9,0,0,0,0.8333,0.5,0.4467,3
RSI45/BOP0.03/ADX30/,0.9,0,1,0,0.875,0.5,0.455,3.4
RSI45/MACD0/BOP0.05/ADX25/,0.8333,0.125,0,0.3333,0.6667,0,0.3917,4
RSI45/MACD0/BOP0.05/ADX30/,0.8125,0.1111,1,0.2,0.6429,0,0.3533,4.8
RSI45/BOP0.05/ADX25/,0.8333,0.125,0,0.3333,0.6667,0.5,0.4917,4.2
RSI45/BOP0.05/ADX30/,0.8125,0.1111,1,0.2,0.6667,0.5,0.4581,5.2
RSI45/MACD0/ADX25/,0.8333,0.125,0,0.6667,0.6923,0,0.4635,4.8
RSI45/MACD0/ADX30/,0.8125,0.2,1,0.5,0.6667,0,0.4358,5.8
RSI35/MOM0/MACD0/BOP0.03/ADX40/,1,1,0,1,0,0.5,0.7,1
RSI35/MOM0/MACD0/BOP0.03/ADX45/,1,1,0,1,0,0.5,0.7,1
RSI35/MOM0/MACD0/BOP0.03/ADX50/,1,1,0,1,0,0.5,0.7,1
RSI35/MOM0/MACD0/BOP0.01/,1,0.5,0,1,0.3333,0.3333,0.6333,1.2
RSI35/MOM0/MACD0/BOP-0.01/,1,0.5,0,1,0.3333,0.3333,0.6333,1.2
RSI35/MOM0/MACD0/BOP-0.03/,1,0.5,0,1,0.3333,0.3333,0.6333,1.2
RSI35/MOM0/MACD0/BOP-0.05/,1,0.5,0,1,0.3333,0.3333,0.6333,1.2
RSI35/MACD0/BOP0.03/ADX40/,1,1,0,1,0,0.5,0.7,1.4
RSI35/MACD0/BOP0.03/ADX45/,1,1,0,1,0,0.5,0.7,1.4
RSI35/MACD0/BOP0.03/ADX50/,1,1,0,1,0,0.5,0.7,1.4
RSI35/MACD0/BOP0.01/,1,0.5,0,1,0.25,0.3333,0.6167,1.6
RSI35/MACD0/BOP-0.01/,1,0.5,0,1,0.25,0.3333,0.6167,1.6
RSI35/MACD0/BOP-0.03/,1,0.5,0,1,0.25,0.3333,0.6167,1.4
RSI35/MACD0/BOP-0.05/,1,0.5,0,1,0.25,0.3333,0.6167,1.4
RSI35/MOM0/BOP0.03/ADX40/,1,1,0,1,0,0.5,0.7,1
RSI35/MOM0/BOP0.03/ADX45/,1,1,0,1,0,0.5,0.7,1
RSI35/MOM0/BOP0.03/ADX50/,1,1,0,1,0,0.5,0.7,1
RSI35/MOM0/BOP0.01/,1,0.5,0,1,0.3333,0.3333,0.6333,1.2
RSI35/MOM0/BOP-0.01/,1,0.5,0,1,0.3333,0.3333,0.6333,1.2
RSI35/MOM0/BOP-0.03/,1,0.5,0,1,0.3333,0.3333,0.6333,1.2
RSI35/MOM0/BOP-0.05/,1,0.5,0,1,0.3333,0.3333,0.6333,1.2
RSI35/BOP0.03/ADX40/,1,1,0,1,0,0.5,0.7,1.4
RSI35/BOP0.03/ADX45/,1,1,0,1,0,0.5,0.7,1.4
RSI35/BOP0.03/ADX50/,1,1,0,1,0,0.5,0.7,1.4
RSI35/BOP0.01/,1,0.5,0,1,0.25,0.3333,0.6167,1.6
RSI35/BOP-0.01/,1,0.5,0,1,0.25,0.3333,0.6167,1.6
RSI35/BOP-0.03/,1,0.5,0,1,0.25,0.3333,0.6167,1.4
RSI35/BOP-0.05/,1,0.5,0,1,0.25,0.3333,0.6167,1.4
RSI35/MOM0/MACD0/BOP0.05/ADX40/,1,0.5,0,1,0.3333,0.5,0.6667,1.2
RSI35/MOM0/MACD0/BOP0.05/ADX45/,1,0.5,0,1,0.3333,0.5,0.6667,1.2
RSI35/MOM0/MACD0/BOP0.05/ADX50/,1,0.5,0,1,0.3333,0.5,0.6667,1.2
RSI35/MOM0/MACD0/BOP0.03/,1,0.5,0,1,0.3333,0.3333,0.6333,1.2
RSI35/MACD0/BOP0.05/ADX40/,1,0.5,0,1,0.3333,0.5,0.6667,1.8
RSI35/MACD0/BOP0.05/ADX45/,1,0.5,0,1,0.25,0.5,0.65,1.8
RSI35/MACD0/BOP0.05/ADX50/,1,0.5,0,1,0.25,0.5,0.65,1.8
RSI35/MACD0/BOP0.03/,1,0.5,0,1,0.25,0.3333,0.6167,1.8
RSI35/MOM0/BOP0.05/ADX40/,1,0.5,0,1,0.3333,0.5,0.6667,1.2
RSI35/MOM0/BOP0.05/ADX45/,1,0.5,0,1,0.3333,0.5,0.6667,1.2
RSI35/MOM0/BOP0.05/ADX50/,1,0.5,0,1,0.3333,0.5,0.6667,1.2
RSI35/MOM0/BOP0.03/,1,0.5,0,1,0.3333,0.3333,0.6333,1.2
RSI35/BOP0.05/ADX40/,1,0.5,0,1,0.3333,0.5,0.6667,1.8
RSI35/BOP0.05/ADX45/,1,0.5,0,1,0.25,0.5,0.65,1.8
RSI35/BOP0.05/ADX50/,1,0.5,0,1,0.25,0.5,0.65,1.8
RSI35/BOP0.03/,1,0.5,0,1,0.25,0.3333,0.6167,1.8
RSI35/MOM0/MACD0/ADX40/,1,0.5,0,1,0.3333,0.5,0.6667,1.2
RSI35/MOM0/MACD0/ADX45/,1,0.5,0,1,0.3333,0.5,0.6667,1.2
RSI35/MOM0/MACD0/ADX50/,1,0.5,0,1,0.3333,0.5,0.6667,1.2
RSI35/MACD0/ADX40/,1,0.5,0,1,0.3333,0.5,0.6667,1.8
RSI35/MACD0/ADX45/,1,0.5,0,1,0.25,0.5,0.65,1.8
RSI35/MACD0/ADX50/,1,0.5,0,1,0.25,0.5,0.65,1.8
RSI35/MOM0/ADX40/,1,0.5,0,1,0.3333,0.5,0.6667,1.2
RSI35/MOM0/ADX45/,1,0.5,0,1,0.3333,0.5,0.6667,1.2
RSI35/MOM0/ADX50/,1,0.5,0,1,0.3333,0.5,0.6667,1.2
RSI35/ADX40/,1,0.25,0,1,0.3333,0.5,0.6167,2
RSI35/ADX45/,1,0.25,0,1,0.25,0.5,0.6,2.2
RSI35/ADX50/,1,0.4,0,1,0.25,0.5,0.63,2.4
RSI35/MOM0/MACD0/BOP0.05/,1,0.5,0,1,0.3333,0.3333,0.6333,1.2
RSI35/MACD0/BOP0.05/,1,0.5,0,1,0.25,0.3333,0.6167,1.8
RSI35/MOM0/BOP0.05/,1,0.5,0,1,0.3333,0.3333,0.6333,1.2
RSI35/BOP0.05/,1,0.5,0,1,0.25,0.3333,0.6167,1.8
RSI35/MOM0/MACD0/,1,0.5,0,1,0.3333,0.3333,0.6333,1.2
RSI35/MACD0/,1,0.5,0,1,0.25,0.3333,0.6167,2
RSI35/MOM0/,1,0.5,0,1,0.3333,0.3333,0.6333,1.2
RSI35/,0.8333,0.4,0,0.8,0.5,0.3333,0.5733,3
RSI55/BBANDS0.07/ADX25/,0.625,0.25,0,0.4286,0.375,1,0.5357,3
RSI55/BBANDS0.07/ADX30/,0.6364,0.3077,0,0.4444,0.375,1,0.5527,4.4
RSI55/BBANDS0.07/ADX35/,0.6667,0.4,0,0.4,0.45,1,0.5833,5.6
RSI55/BBANDS0.07/ADX40/,0.6429,0.4,0,0.4,0.5217,1,0.5929,6.4
RSI45/MACD0/BBANDS0.07/ADX25/,0.5,0.3333,0,1,0.5714,0,0.4809,1.6
RSI45/MACD0/BBANDS0.07/ADX30/,0.6667,0.5,0,0.6667,0.5,0,0.4667,2.4
RSI45/MACD0/BBANDS0.07/ADX35/,0.6667,0.5,0,0.6667,0.4444,0,0.4556,2.4
RSI45/MACD0/BBANDS0.07/ADX40/,0.7143,0.4,0,0.6667,0.5,0,0.4562,2.8
RSI45/MACD0/BBANDS0.07/ADX45/,0.7143,0.4,0,0.6667,0.5,0,0.4562,2.8
RSI45/MACD0/BBANDS0.07/ADX50/,0.7143,0.4,0,0.6667,0.5,0,0.4562,2.8
RSI45/MACD0/BBANDS0.06/,1,0.3333,0,0.6667,0.4286,0,0.4857,2.2
RSI45/BBANDS0.07/ADX25/,0.5,0.3333,0,1,0.5714,0,0.4809,1.6
RSI45/BBANDS0.07/ADX30/,0.6667,0.5,0,0.6667,0.5,0,0.4667,2.4
RSI45/BBANDS0.07/ADX35/,0.6667,0.5,0,0.6667,0.4,0,0.4467,2.4
RSI45/BBANDS0.07/ADX40/,0.7143,0.4,0,0.6667,0.4545,0,0.4471,2.8
RSI45/BBANDS0.07/ADX45/,0.7143,0.4,0,0.6667,0.4545,0,0.4471,2.8
RSI45/BBANDS0.07/ADX50/,0.7143,0.4,0,0.6667,0.4545,0,0.4471,2.8
RSI45/BBANDS0.06/,1,0.3333,0,0.6667,0.375,0,0.475,2.2
RSI45/MACD0/BBANDS0.07/,0.7143,0.4,0,0.6667,0.5,0,0.4562,2.8
RSI45/BBANDS0.07/,0.7143,0.4,0,0.6667,0.4545,0,0.4471,2.8
RSI45/MOM0/MACD0/BOP0.03/ADX25/,1,0,0,0,0.8,0,0.36,1.4
RSI45/MOM0/MACD0/BOP0.03/ADX30/,1,0,1,0,0.8,0,0.36,1.4
RSI45/MOM0/BOP0.03/ADX25/,1,0,0,0,0.8,0.5,0.46,1.6
RSI45/MOM0/BOP0.03/ADX30/,1,0,1,0,0.8,0.5,0.46,1.6
RSI45/MOM0/MACD0/BOP0.05/ADX25/,0.8,0.1429,0,0.5,0.7778,0,0.4441,2.6
RSI45/MOM0/MACD0/BOP0.05/ADX30/,0.875,0.125,1,0.3333,0.7,0,0.4067,3.2
RSI45/MOM0/BOP0.05/ADX25/,0.8,0.1429,0,0.5,0.7778,0.5,0.5441,2.8
RSI45/MOM0/BOP0.05/ADX30/,0.875,0.125,1,0.3333,0.7,0.5,0.5067,3.4
RSI45/MOM0/MACD0/ADX25/,0.8,0.1429,0,0.6667,0.7778,0,0.4775,2.8
RSI45/MOM0/MACD0/ADX30/,0.875,0.125,1,0.5,0.7,0,0.44,3.4
RSI45/MOM0/ADX25/,0.8,0.1429,0,0.6667,0.7778,0.5,0.5775,3
RSI45/MOM0/ADX30/,0.875,0.125,1,0.5,0.7,0.5,0.54,3.6
MOM0/BOP0.05/BBANDS0.03/,0.75,0.6667,0,0.8,0.75,0,0.5933,2.4
MOM0/BOP0.05/BBANDS0.02/,0.5,0,0,0,1,0,0.3,0.6
MOM0/BBANDS0.03/,0.75,0.7778,0,0.6667,0.75,0,0.5889,3.4
MOM0/BBANDS0.02/,0.5,0.3333,0,0,1,0,0.3667,0.8
RSI50/MOM0/MACD0/BOP0.05/BBANDS0.03/,0,0,0,1,1,0,0.4,0.6
MOM0/MACD0/BOP0.05/BBANDS0.03/,0.5,0,0,1,1,0,0.5,1.2
RSI50/MOM0/BOP0.05/BBANDS0.03/,0,0,0,1,1,0,0.4,0.6
RSI50/MOM0/MACD0/BBANDS0.03/,0,1,0,1,1,0,0.6,0.8
MOM0/MACD0/BBANDS0.03/,0.5,1,0,1,1,0,0.7,1.4
RSI50/MOM0/BBANDS0.03/,0,0.5,0,1,1,0,0.5,0.8
RSI30/MOM0/MACD0/BOP0.01/,0.6667,0.3333,0,0,1,0,0.4,1
RSI30/MOM0/MACD0/BOP-0.01/,0.6667,0.3333,0,0,1,0,0.4,1
RSI30/MOM0/MACD0/BOP-0.03/,0.6667,0.3333,0,0,1,0,0.4,1
RSI30/MOM0/MACD0/BOP-0.05/,0.6667,0.3333,0,0,1,0,0.4,1
RSI30/MACD0/BOP0.01/,0.6667,0.3333,0,0,1,0,0.4,1
RSI30/MACD0/BOP-0.01/,0.6667,0.3333,0,0,1,0,0.4,1
RSI30/MACD0/BOP-0.03/,0.6667,0.3333,0,0,1,0,0.4,1
RSI30/MACD0/BOP-0.05/,0.6667,0.3333,0,0,1,0,0.4,1
RSI30/MOM0/BOP0.01/,0.6667,0.3333,0,0,1,0,0.4,1
RSI30/MOM0/BOP-0.01/,0.6667,0.3333,0,0,1,0,0.4,1
RSI30/MOM0/BOP-0.03/,0.6667,0.3333,0,0,1,0,0.4,1
RSI30/MOM0/BOP-0.05/,0.6667,0.3333,0,0,1,0,0.4,1
RSI30/BOP0.01/,0.6667,0.3333,0,0,1,0,0.4,1
RSI30/BOP-0.01/,0.6667,0.3333,0,0,1,0,0.4,1
RSI30/BOP-0.03/,0.6667,0.3333,0,0,1,0,0.4,1
RSI30/BOP-0.05/,0.6667,0.3333,0,0,1,0,0.4,1
RSI30/MOM0/MACD0/BOP0.03/,0.6667,0.3333,0,0,1,0,0.4,1
RSI30/MACD0/BOP0.03/,0.6667,0.3333,0,0,1,0,0.4,1
RSI30/MOM0/BOP0.03/,0.6667,0.3333,0,0,1,0,0.4,1
RSI30/BOP0.03/,0.6667,0.3333,0,0,1,0,0.4,1
RSI30/MOM0/MACD0/BOP0.05/,0.6667,0.3333,0,0,1,0,0.4,1
RSI30/MACD0/BOP0.05/,0.6667,0.3333,0,0,1,0,0.4,1
RSI30/MOM0/BOP0.05/,0.6667,0.3333,0,0,1,0,0.4,1
RSI30/BOP0.05/,0.6667,0.3333,0,0,1,0,0.4,1
RSI30/MOM0/MACD0/,0.6667,0.3333,0,0,1,0,0.4,1
RSI30/MACD0/,0.6667,0.3333,0,0.5,1,0,0.5,1.2
RSI30/MOM0/,0.6667,0.3333,0,0,1,0,0.4,1
RSI30/,0.6667,0.3333,0,0.5,1,0,0.5,1.2
BOP0.03/ADX20/,0.85,0,1,0.6667,0.4286,0.3333,0.4557,5.6
RSI60/MOM0/BBANDS0.07/ADX30/,1,0,0,1,0.5,0,0.5,1
RSI60/MOM0/BBANDS0.07/ADX35/,1,0.5,0,0.6667,0.5,0,0.5333,1.4
RSI60/MOM0/BBANDS0.07/ADX40/,1,0.6667,0,0.6667,0.4,0,0.5467,1.6
RSI60/MOM0/BBANDS0.07/ADX45/,1,0.6667,0,0.6667,0.4,0,0.5467,1.6
RSI60/MOM0/BBANDS0.07/ADX50/,1,0.75,0,0.6,0.4,0,0.55,2.2
RSI60/MOM0/BBANDS0.06/,1,1,0,0.5,0.5,0,0.6,1.8
RSI60/MOM0/BBANDS0.05/,1,1,0,0.3333,0.5,0,0.5667,1.4
RSI60/MOM0/BBANDS0.04/,1,1,0,0.5,0,0,0.5,0.8
RSI60/BBANDS0.05/,0.7273,0.4444,1,0.2222,0.5,0,0.3788,4.2
RSI60/BBANDS0.04/,0.7143,0.375,1,0.2,0.375,0,0.3329,2.4
RSI60/MOM0/BBANDS0.07/,1,0.75,0,0.6,0.4,0,0.55,2.2
RSI45/MACD0/BOP0.05/BBANDS0.07/ADX30/,0.6667,0.3333,0,0.5,0.4286,0,0.3857,1.8
RSI45/MACD0/BOP0.05/BBANDS0.07/ADX35/,0.6667,0.3333,0,0.5,0.375,0,0.375,1.8
RSI45/MACD0/BOP0.05/BBANDS0.07/ADX40/,0.7143,0.25,0,0.5,0.4444,0,0.3817,2.2
RSI45/MACD0/BOP0.05/BBANDS0.07/ADX45/,0.7143,0.25,0,0.5,0.4444,0,0.3817,2.2
RSI45/MACD0/BOP0.05/BBANDS0.07/ADX50/,0.7143,0.25,0,0.5,0.4444,0,0.3817,2.2
RSI45/MACD0/BOP0.05/BBANDS0.06/,1,0,0,0.5,0.3333,0,0.3667,1.6
RSI45/MACD0/BOP0.05/BBANDS0.05/,1,0,0,0.5,0.25,0,0.35,1.2
RSI40/MACD0/BOP0.05/BBANDS0.07/ADX30/,0,1,0,0,0.3333,0,0.2667,0.4
RSI40/MACD0/BOP0.05/BBANDS0.07/ADX35/,1,1,0,0,0.3333,0,0.4667,0.6
RSI40/MACD0/BOP0.05/BBANDS0.07/ADX40/,1,1,0,0.5,0.3333,0,0.5667,1
RSI40/MACD0/BOP0.05/BBANDS0.07/ADX45/,1,1,0,0.5,0.3333,0,0.5667,1
RSI40/MACD0/BOP0.05/BBANDS0.07/ADX50/,1,1,0,0.5,0.3333,0,0.5667,1
RSI40/MACD0/BOP0.05/BBANDS0.06/,0,1,0,0,0,0,0.2,0.2
RSI40/MACD0/BOP0.05/BBANDS0.05/,0,0,0,0,0,0,0,0
RSI45/BOP0.05/BBANDS0.07/ADX30/,0.6667,0.3333,0,0.5,0.4286,0,0.3857,1.8
RSI45/BOP0.05/BBANDS0.07/ADX35/,0.6667,0.3333,0,0.5,0.375,0,0.375,1.8
RSI45/BOP0.05/BBANDS0.07/ADX40/,0.7143,0.25,0,0.5,0.4444,0,0.3817,2.2
RSI45/BOP0.05/BBANDS0.07/ADX45/,0.7143,0.25,0,0.5,0.4444,0,0.3817,2.2
RSI45/BOP0.05/BBANDS0.07/ADX50/,0.7143,0.25,0,0.5,0.4444,0,0.3817,2.2
RSI45/BOP0.05/BBANDS0.06/,1,0,0,0.5,0.3333,0,0.3667,1.6
RSI45/BOP0.05/BBANDS0.05/,1,0,0,0.5,0.25,0,0.35,1.2
RSI40/BOP0.05/BBANDS0.07/ADX30/,0,1,0,0,0.3333,0,0.2667,0.4
RSI40/BOP0.05/BBANDS0.07/ADX35/,1,1,0,0,0.3333,0,0.4667,0.6
RSI40/BOP0.05/BBANDS0.07/ADX40/,1,1,0,0.5,0.3333,0,0.5667,1
RSI40/BOP0.05/BBANDS0.07/ADX45/,1,1,0,0.5,0.3333,0,0.5667,1
RSI40/BOP0.05/BBANDS0.07/ADX50/,1,1,0,0.5,0.3333,0,0.5667,1
RSI40/BOP0.05/BBANDS0.06/,0,1,0,0,0,0,0.2,0.2
RSI40/BOP0.05/BBANDS0.05/,0,0,0,0,0,0,0,0
RSI45/MACD0/BBANDS0.05/,1,0.5,0,0.5,0.4,0,0.48,1.6
RSI40/MACD0/BBANDS0.07/ADX30/,0,1,0,0,0.5,0,0.3,0.8
RSI40/MACD0/BBANDS0.07/ADX35/,1,1,0,0,0.5,0,0.5,1
RSI40/MACD0/BBANDS0.07/ADX40/,1,1,0,0.5,0.5,0,0.6,1.4
RSI40/MACD0/BBANDS0.07/ADX45/,1,1,0,0.5,0.5,0,0.6,1.4
RSI40/MACD0/BBANDS0.07/ADX50/,1,1,0,0.5,0.5,0,0.6,1.4
RSI40/MACD0/BBANDS0.06/,0,1,0,0,1,0,0.4,0.6
RSI40/MACD0/BBANDS0.05/,0,1,0,0,1,0,0.4,0.4
RSI45/BBANDS0.05/,1,0.5,0,0.5,0.3333,0,0.4667,1.6
RSI40/BBANDS0.07/ADX30/,0,1,0,0,0.5,0,0.3,0.8
RSI40/BBANDS0.07/ADX35/,1,1,0,0,0.5,0,0.5,1
RSI40/BBANDS0.07/ADX40/,1,1,0,0.5,0.5,0,0.6,1.4
RSI40/BBANDS0.07/ADX45/,1,1,0,0.5,0.5,0,0.6,1.4
RSI40/BBANDS0.07/ADX50/,1,1,0,0.5,0.5,0,0.6,1.4
RSI40/BBANDS0.06/,0,1,0,0.5,1,0,0.5,0.8
RSI40/BBANDS0.05/,0,1,0,0.5,1,0,0.5,0.6
RSI45/MACD0/BOP0.05/BBANDS0.07/,0.7143,0.25,0,0.5,0.4444,0,0.3817,2.2
RSI40/MACD0/BOP0.05/BBANDS0.07/,1,1,0,0.5,0.3333,0,0.5667,1.2
RSI45/BOP0.05/BBANDS0.07/,0.7143,0.25,0,0.5,0.4444,0,0.3817,2.2
RSI40/BOP0.05/BBANDS0.07/,1,1,0,0.5,0.3333,0,0.5667,1.2
RSI40/MACD0/BBANDS0.07/,1,1,0,0.5,0.5,0,0.6,1.6
RSI40/BBANDS0.07/,1,1,0,0.6667,0.5,0,0.6333,1.8
RSI60/MACD0/ADX25/,0.8889,0.6,0,0.5,0.6667,0,0.5311,3.8
RSI55/MACD0/ADX25/,0.9167,0.2857,0,0.3333,0.4,0,0.3871,4.2
RSI55/MACD0/ADX30/,0.9375,0.2727,0,0.2857,0.5238,0,0.4039,6.2
RSI55/MACD0/ADX35/,0.9474,0.3571,0,0.3333,0.6,0,0.4476,8.2
RSI55/MACD0/ADX40/,0.9048,0.3571,0,0.3333,0.6207,0,0.4432,9
RSI60/MACD0/BOP0.05/BBANDS0.07/ADX20/,0,1,0,0,0,0,0.2,0.2
RSI60/MACD0/BOP0.05/BBANDS0.07/ADX25/,0,1,0,0.5,0.6667,0,0.4333,1
RSI60/MACD0/BOP0.05/BBANDS0.07/ADX30/,1,1,0,0.6,0.6667,0,0.6533,1.6
RSI60/MACD0/BOP0.05/BBANDS0.07/ADX35/,1,1,0,0.4286,0.8,0,0.6457,2
RSI60/MACD0/BOP0.05/BBANDS0.07/ADX40/,1,1,0,0.4286,0.6667,0,0.6191,2.2
RSI60/MACD0/BOP0.05/BBANDS0.07/ADX45/,1,1,0,0.4286,0.6667,0,0.6191,2.2
RSI60/MACD0/BOP0.05/BBANDS0.07/ADX50/,1,1,0,0.4286,0.6667,0,0.6191,2.6
RSI55/MACD0/BOP0.05/BBANDS0.07/ADX20/,1,1,0,0,1,0,0.6,1
RSI55/MACD0/BOP0.05/BBANDS0.07/ADX25/,1,1,0,0.25,0.4286,0,0.5357,1.6
RSI55/MACD0/BOP0.05/BBANDS0.07/ADX30/,1,1,0,0.25,0.5,0,0.55,2
RSI55/MACD0/BOP0.05/BBANDS0.07/ADX35/,1,1,0,0.2,0.6364,0,0.5673,3
RSI55/MACD0/BOP0.05/BBANDS0.07/ADX40/,0.8333,1,0,0.2,0.6364,0,0.5339,3.2
RSI60/BOP0.05/BBANDS0.07/ADX20/,1,0.6667,1,0.3333,0,0,0.4,0.8
RSI60/BOP0.05/BBANDS0.07/ADX25/,0.3333,0.6667,1,0.5714,0.5,0,0.4143,1.8
RSI60/BOP0.05/BBANDS0.07/ADX30/,0.6,0.5,1,0.6667,0.375,0,0.4283,2.8
RSI60/BOP0.05/BBANDS0.07/ADX35/,0.6,0.6,1,0.5385,0.5,0,0.4477,3.8
RSI60/BOP0.05/BBANDS0.07/ADX40/,0.6667,0.6,1,0.5385,0.5,0,0.461,4.2
RSI60/BOP0.05/BBANDS0.07/ADX45/,0.6667,0.6,1,0.5385,0.5,0,0.461,4.2
RSI60/BOP0.05/BBANDS0.07/ADX50/,0.7143,0.6667,1,0.5333,0.5,0,0.4829,4.8
RSI55/BOP0.05/BBANDS0.07/ADX20/,1,0.6667,0,0.25,1,0,0.5833,1.4
RSI55/BOP0.05/BBANDS0.07/ADX25/,0.6,0.6667,0,0.4,0.4286,0,0.4191,2
RSI55/BOP0.05/BBANDS0.07/ADX30/,0.6667,0.6667,0,0.5,0.4545,0,0.4576,2.8
RSI55/BOP0.05/BBANDS0.07/ADX35/,0.6667,0.8,0,0.4286,0.5714,0,0.4933,3.8
RSI55/BOP0.05/BBANDS0.07/ADX40/,0.625,0.8,0,0.4286,0.6,0,0.4907,4.2
RSI60/MACD0/BBANDS0.07/ADX20/,1,1,0,0,0,0,0.4,0.4
RSI60/MACD0/BBANDS0.07/ADX25/,0.5,1,0,0.4,0.6667,0,0.5133,1.2
RSI60/MACD0/BBANDS0.07/ADX30/,0.75,1,0,0.4286,0.6667,0,0.5691,1.8
RSI60/MACD0/BBANDS0.07/ADX35/,0.75,1,0,0.3333,0.8,0,0.5767,2.2
RSI60/MACD0/BBANDS0.07/ADX40/,0.8,1,0,0.3333,0.6667,0,0.56,2.4
RSI60/MACD0/BBANDS0.07/ADX45/,0.8,1,0,0.3333,0.6667,0,0.56,2.4
RSI60/MACD0/BBANDS0.07/ADX50/,0.8333,1,0,0.3333,0.6667,0,0.5667,2.8
RSI55/MACD0/BBANDS0.07/ADX20/,1,1,0,0,1,0,0.6,1
RSI55/MACD0/BBANDS0.07/ADX25/,0.75,0.5,0,0.2,0.4286,0,0.3757,1.6
RSI55/MACD0/BBANDS0.07/ADX30/,0.8,0.5,0,0.1667,0.5,0,0.3933,2
RSI55/MACD0/BBANDS0.07/ADX35/,0.8,0.75,0,0.1429,0.6364,0,0.4659,3
RSI55/MACD0/BBANDS0.07/ADX40/,0.7143,0.75,0,0.1429,0.6923,0,0.4599,3.6
RSI60/BBANDS0.07/ADX20/,1,0.3333,1,0.2,0,0,0.3067,1.4
RSI55/BBANDS0.07/ADX20/,1,0.3333,0,0.2,0.5,0,0.4067,1.6
RSI60/MACD0/BOP0.05/ADX20/,1,0.5,0,0,0,0,0.3,1
RSI60/MACD0/BOP0.05/ADX25/,1,0.75,0,0.4,0.6667,0,0.5633,3.2
RSI55/MACD0/BOP0.05/ADX20/,1,0.5,0,0,0.3333,0,0.3667,2
RSI55/MACD0/BOP0.05/ADX25/,1,0.4,0,0.25,0.4167,0,0.4133,3.6
RSI55/MACD0/BOP0.05/ADX30/,1,0.375,0,0.25,0.5556,0,0.4361,5.6
RSI55/MACD0/BOP0.05/ADX35/,1,0.5,0,0.3333,0.6364,0,0.4939,7.6
RSI55/MACD0/BOP0.05/ADX40/,0.9474,0.5,0,0.3333,0.625,0,0.4811,8
RSI60/BOP0.05/ADX20/,0.7778,0.5,1,0.3333,0.5,0,0.4222,2.4
RSI60/BOP0.05/ADX25/,0.6667,0.7143,1,0.4545,0.6667,0,0.5004,5.2
RSI55/BOP0.05/ADX20/,1,0.5,0,0.2,0.3333,0,0.4067,2.6
RSI55/BOP0.05/ADX25/,0.8462,0.4286,0,0.3333,0.4615,0,0.4139,4.4
RSI55/BOP0.05/ADX30/,0.8889,0.4545,0,0.5,0.6154,0,0.4918,8.2
RSI55/BOP0.05/ADX35/,0.9048,0.5714,0,0.4545,0.6667,0,0.5195,10.4
RSI55/BOP0.05/ADX40/,0.8696,0.5714,0,0.4545,0.6667,0,0.5124,11
RSI60/MACD0/ADX20/,1,0.5,0,0.25,0,0,0.35,1.4
RSI55/MACD0/ADX20/,1,0.5,0,0,0.5,0,0.4,2.2
RSI60/MACD0/BOP0.05/BBANDS0.07/,1,0.6667,0,0.4286,0.6667,0,0.5524,2.6
RSI60/BOP0.05/BBANDS0.07/,0.7143,0.5714,1,0.5333,0.5,0,0.4638,4.8
RSI60/MACD0/BBANDS0.07/,0.8333,0.6667,0,0.3333,0.6667,0,0.5,2.8
RSI60/MACD0/BOP0.05/BBANDS0.06/,1,0.5,0,0.4,0.6667,0,0.5133,2
RSI60/BOP0.05/BBANDS0.06/,0.6667,0.6,1,0.4,0.5455,0,0.4424,3.4
RSI60/MACD0/BBANDS0.06/,1,0.5,0,0.4,0.6667,0,0.5133,2.2
RSI50/MOM0/MACD0/BOP0.03/ADX40/,0.75,0,1,0.6667,0.4286,0,0.3691,1.6
RSI50/MOM0/MACD0/BOP0.03/ADX45/,0.75,0.5,1,0.6667,0.4444,0,0.4722,2.2
RSI50/MOM0/MACD0/BOP0.03/ADX50/,0.75,0.5,1,0.6667,0.4444,0,0.4722,2.2
RSI50/MOM0/BOP0.03/ADX40/,0.75,0,1,0.75,0.4286,0,0.3857,1.8
RSI50/MOM0/BOP0.03/ADX45/,0.75,0.5,1,0.75,0.4444,0,0.4889,2.4
RSI50/MOM0/BOP0.03/ADX50/,0.75,0.5,1,0.75,0.4444,0,0.4889,2.4
RSI50/MOM0/MACD0/BOP0.03/ADX20/,0.5,0,1,1,0.5,0,0.4,0.6
RSI50/MOM0/MACD0/BOP0.03/ADX25/,0.6667,0,1,1,0.3333,0,0.4,1
RSI50/MOM0/MACD0/BOP0.03/ADX30/,0.75,0,1,1,0.4,0,0.43,1.4
RSI50/MOM0/MACD0/BOP0.03/ADX35/,0.75,0,1,1,0.4286,0,0.4357,1.6
MOM0/MACD0/BOP0.03/ADX20/,0.8889,0,1,1,0.4167,0,0.4611,3
RSI50/MACD0/BOP0.03/ADX20/,0.6667,0,1,1,0.3333,0,0.4,0.8
MACD0/BOP0.03/ADX20/,0.9286,0,1,0.6667,0.3846,0,0.396,4
RSI50/MOM0/BOP0.03/ADX20/,0.5,0,1,1,0.5,0,0.4,0.6
RSI50/MOM0/BOP0.03/ADX25/,0.6667,0,1,1,0.3333,0,0.4,1
RSI50/MOM0/BOP0.03/ADX30/,0.75,0,1,1,0.4,0,0.43,1.6
RSI50/MOM0/BOP0.03/ADX35/,0.75,0,1,1,0.4286,0,0.4357,1.8
MOM0/BOP0.03/ADX20/,0.9,0,1,1,0.4167,0.3333,0.53,3.4
RSI50/BOP0.03/ADX20/,0.6667,0,1,1,0.3333,1,0.6,1
RSI60/MACD0/BOP0.03/ADX20/,1,0,0,0,0,0,0.2,0.8
RSI60/MACD0/BOP0.03/ADX25/,1,0.6667,0,0,0.6667,0,0.4667,2.2
RSI60/BOP0.03/ADX20/,0.75,0,0,0.3333,1,0,0.4167,1.6
RSI60/BOP0.03/ADX25/,0.75,0.75,0,0.25,0.8,0,0.51,3.4
RSI45/MOM0/MACD0/BOP0.05/BBANDS0.07/ADX20/,0.5,0.3333,0,1,0.6667,0,0.5,1
RSI45/MOM0/MACD0/BOP0.05/BBANDS0.07/ADX25/,0.5,0.3333,0,1,0.75,0,0.5167,1.2
RSI45/MOM0/MACD0/BOP0.05/BBANDS0.07/ADX30/,0.8,0.3333,0,1,0.6,0,0.5467,1.8
RSI45/MOM0/MACD0/BOP0.05/BBANDS0.07/ADX35/,0.8,0.3333,0,1,0.6,0,0.5467,1.8
RSI45/MOM0/MACD0/BOP0.05/BBANDS0.07/ADX40/,0.8333,0.3333,0,1,0.6,0,0.5533,2
RSI45/MOM0/MACD0/BOP0.05/BBANDS0.07/ADX45/,0.8333,0.3333,0,1,0.6,0,0.5533,2
RSI45/MOM0/MACD0/BOP0.05/BBANDS0.07/ADX50/,0.8333,0.3333,0,1,0.6,0,0.5533,2
RSI45/MOM0/MACD0/BOP0.05/BBANDS0.06/,1,0,0,1,0.6667,0,0.5333,1.6
RSI45/MOM0/MACD0/BOP0.05/BBANDS0.05/,1,0,0,1,1,0,0.6,1.2
RSI45/MOM0/MACD0/BOP0.05/BBANDS0.04/,1,0,0,1,0,0,0.4,0.4
RSI45/MOM0/MACD0/BOP0.05/BBANDS0.03/,1,0,0,1,0,0,0.4,0.4
RSI45/MACD0/BOP0.05/BBANDS0.07/ADX20/,0.5,0.3333,0,1,0.6667,0,0.5,1
RSI45/MACD0/BOP0.05/BBANDS0.07/ADX25/,0.5,0.3333,0,1,0.5,0,0.4667,1.2
RSI45/MACD0/BOP0.05/BBANDS0.04/,1,0,0,1,0,0,0.4,0.4
RSI45/MACD0/BOP0.05/BBANDS0.03/,1,0,0,1,0,0,0.4,0.4
RSI45/MOM0/BOP0.05/BBANDS0.07/ADX20/,0.5,0.3333,0,1,0.6667,0,0.5,1
RSI45/MOM0/BOP0.05/BBANDS0.07/ADX25/,0.5,0.3333,0,1,0.75,0,0.5167,1.2
RSI45/MOM0/BOP0.05/BBANDS0.07/ADX30/,0.8,0.3333,0,1,0.6,0,0.5467,1.8
RSI45/MOM0/BOP0.05/BBANDS0.07/ADX35/,0.8,0.3333,0,1,0.6,0,0.5467,1.8
RSI45/MOM0/BOP0.05/BBANDS0.07/ADX40/,0.8333,0.3333,0,1,0.6,0,0.5533,2
RSI45/MOM0/BOP0.05/BBANDS0.07/ADX45/,0.8333,0.3333,0,1,0.6,0,0.5533,2
RSI45/MOM0/BOP0.05/BBANDS0.07/ADX50/,0.8333,0.3333,0,1,0.6,0,0.5533,2
RSI45/MOM0/BOP0.05/BBANDS0.06/,1,0,0,1,0.6667,0,0.5333,1.6
RSI45/MOM0/BOP0.05/BBANDS0.05/,1,0,0,1,1,0,0.6,1.2
RSI45/MOM0/BOP0.05/BBANDS0.04/,1,0,0,1,0,0,0.4,0.4
RSI45/MOM0/BOP0.05/BBANDS0.03/,1,0,0,1,0,0,0.4,0.4
RSI45/BOP0.05/BBANDS0.07/ADX20/,0.5,0.3333,0,1,0.6667,0,0.5,1
RSI45/BOP0.05/BBANDS0.07/ADX25/,0.5,0.3333,0,1,0.5,0,0.4667,1.2
RSI45/BOP0.05/BBANDS0.04/,1,0,0,1,0,0,0.4,0.4
RSI45/BOP0.05/BBANDS0.03/,1,0,0,1,0,0,0.4,0.4
RSI45/MOM0/MACD0/BBANDS0.07/ADX20/,0.5,0.3333,0,1,0.6667,0,0.5,1
RSI45/MOM0/MACD0/BBANDS0.07/ADX25/,0.5,0.3333,0,1,0.75,0,0.5167,1.2
RSI45/MOM0/MACD0/BBANDS0.07/ADX30/,0.8,0.3333,0,1,0.6,0,0.5467,1.8
RSI45/MOM0/MACD0/BBANDS0.07/ADX35/,0.8,0.3333,0,1,0.6,0,0.5467,1.8
RSI45/MOM0/MACD0/BBANDS0.07/ADX40/,0.8333,0.3333,0,1,0.6,0,0.5533,2
RSI45/MOM0/MACD0/BBANDS0.07/ADX45/,0.8333,0.3333,0,1,0.6,0,0.5533,2
RSI45/MOM0/MACD0/BBANDS0.07/ADX50/,0.8333,0.3333,0,1,0.6,0,0.5533,2
RSI45/MOM0/MACD0/BBANDS0.06/,1,0,0,1,0.6667,0,0.5333,1.6
RSI45/MOM0/MACD0/BBANDS0.05/,1,0,0,1,1,0,0.6,1.2
RSI45/MOM0/MACD0/BBANDS0.04/,1,0,0,1,0,0,0.4,0.4
RSI45/MOM0/MACD0/BBANDS0.03/,1,0,0,1,0,0,0.4,0.4
RSI45/MACD0/BBANDS0.07/ADX20/,0.5,0.3333,0,1,0.6667,0,0.5,1
RSI45/MACD0/BBANDS0.04/,1,1,0,1,0.5,0,0.7,0.8
RSI45/MACD0/BBANDS0.03/,1,0,0,1,0.5,0,0.5,0.6
RSI45/MOM0/BBANDS0.07/ADX20/,0.5,0.3333,0,1,0.6667,0,0.5,1
RSI45/MOM0/BBANDS0.07/ADX25/,0.5,0.3333,0,1,0.75,0,0.5167,1.2
RSI45/MOM0/BBANDS0.07/ADX30/,0.8,0.3333,0,1,0.6,0,0.5467,1.8
RSI45/MOM0/BBANDS0.07/ADX35/,0.8,0.3333,0,1,0.6,0,0.5467,1.8
RSI45/MOM0/BBANDS0.07/ADX40/,0.8333,0.3333,0,1,0.6,0,0.5533,2
RSI45/MOM0/BBANDS0.07/ADX45/,0.8333,0.3333,0,1,0.6,0,0.5533,2
RSI45/MOM0/BBANDS0.07/ADX50/,0.8333,0.3333,0,1,0.6,0,0.5533,2
RSI45/MOM0/BBANDS0.06/,1,0,0,1,0.6667,0,0.5333,1.6
RSI45/MOM0/BBANDS0.05/,1,0,0,1,1,0,0.6,1.2
RSI45/MOM0/BBANDS0.04/,1,0,0,1,0,0,0.4,0.4
RSI45/MOM0/BBANDS0.03/,1,0,0,1,0,0,0.4,0.4
RSI45/BBANDS0.07/ADX20/,0.5,0.3333,0,1,0.6667,0,0.5,1
RSI45/BBANDS0.04/,1,1,0,1,0.3333,0,0.6667,0.8
RSI45/BBANDS0.03/,1,0,0,1,0.5,0,0.5,0.6
RSI45/MOM0/MACD0/BOP0.05/ADX20/,0.75,0.2,0,1,0.6667,0,0.5233,1.8
RSI45/MACD0/BOP0.05/ADX20/,0.8333,0.1667,0,1,0.6667,0,0.5333,2.2
RSI45/MOM0/BOP0.05/ADX20/,0.75,0.2,0,1,0.6667,1,0.7233,2
RSI45/BOP0.05/ADX20/,0.8333,0.1667,0,1,0.6667,1,0.7333,2.4
RSI45/MOM0/MACD0/ADX20/,0.75,0.2,0,1,0.6667,0,0.5233,1.8
RSI45/MACD0/ADX20/,0.8333,0.1667,0,1,0.6667,0,0.5333,2.2
RSI45/MOM0/ADX20/,0.75,0.2,0,1,0.6667,1,0.7233,2
RSI45/ADX20/,0.8571,0.1429,0,1,0.5455,0.5,0.6091,3.2
RSI45/MOM0/MACD0/BOP0.05/BBANDS0.07/,0.8333,0.3333,0,1,0.6,0,0.5533,2
RSI45/MOM0/BOP0.05/BBANDS0.07/,0.8333,0.3333,0,1,0.6,0,0.5533,2
RSI45/MOM0/MACD0/BBANDS0.07/,0.8333,0.3333,0,1,0.6,0,0.5533,2
RSI45/MOM0/BBANDS0.07/,0.8333,0.3333,0,1,0.6,0,0.5533,2
RSI55/MOM0/MACD0/BOP0.05/BBANDS0.07/ADX20/,1,0,0,0,0,0,0.2,0.2
RSI55/MOM0/MACD0/BOP0.05/BBANDS0.07/ADX25/,1,0,0,0,0.5,0,0.3,0.4
RSI55/MOM0/MACD0/BOP0.05/BBANDS0.07/ADX30/,1,0,0,0,0.5,0,0.3,0.6
RSI55/MOM0/MACD0/BOP0.05/BBANDS0.07/ADX35/,1,1,0,0,0.6667,0,0.5333,1.2
RSI55/MOM0/MACD0/BOP0.05/BBANDS0.07/ADX40/,0.75,1,0,0,0.6667,0,0.4833,1.4
RSI55/MOM0/MACD0/BOP0.05/BBANDS0.07/ADX45/,0.75,1,0,0,0.6667,0,0.4833,1.4
RSI55/MOM0/MACD0/BOP0.05/BBANDS0.07/ADX50/,0.75,1,0,0,0.6667,0,0.4833,1.4
RSI55/MOM0/MACD0/BOP0.05/BBANDS0.06/,0.75,0,0,0,1,0,0.35,1
RSI55/MOM0/MACD0/BOP0.05/BBANDS0.05/,1,0,0,0,1,0,0.4,0.4
RSI55/MOM0/MACD0/BOP0.03/,0.8889,0.5,0,0.5,0.5714,1,0.6921,3.4
RSI55/MOM0/MACD0/BOP0.01/,0.8889,0.5,0,0.5,0.5714,1,0.6921,3.4
RSI55/MOM0/MACD0/BOP-0.01/,0.8889,0.5,0,0.5,0.5714,1,0.6921,3.4
RSI55/MOM0/MACD0/BOP-0.03/,0.8889,0.5,0,0.5,0.5714,1,0.6921,3.4
RSI55/MOM0/MACD0/BOP-0.05/,0.8889,0.5,0,0.5,0.5714,1,0.6921,3.4
RSI55/MOM0/BOP0.05/BBANDS0.07/ADX20/,1,0,0,0,0,0,0.2,0.2
RSI55/MOM0/BOP0.05/BBANDS0.07/ADX25/,0.3333,0,0,0,0.5,0,0.1667,0.4
RSI55/MOM0/BOP0.05/BBANDS0.07/ADX30/,0.5,0,0,0,0.5,0,0.2,0.6
RSI55/MOM0/BOP0.05/BBANDS0.07/ADX35/,0.5,1,0,0,0.6667,0,0.4333,1.2
RSI55/MOM0/BOP0.05/BBANDS0.07/ADX40/,0.5,1,0,0,0.6667,0,0.4333,1.4
RSI55/MOM0/BOP0.05/BBANDS0.07/ADX45/,0.5,1,0,0,0.6667,0,0.4333,1.4
RSI55/MOM0/BOP0.05/BBANDS0.07/ADX50/,0.5,1,0,0,0.6667,0,0.4333,1.4
RSI55/MOM0/BOP0.05/BBANDS0.06/,0.5,0,0,0,1,0,0.3,1
RSI55/MOM0/BOP0.05/BBANDS0.05/,0.3333,0,0,0,1,0,0.2667,0.4
RSI55/MOM0/BOP0.03/,0.75,0.5714,0,0.3333,0.625,0.6667,0.5893,4.2
RSI55/MOM0/BOP0.01/,0.75,0.5714,0,0.3333,0.625,0.6667,0.5893,4.2
RSI55/MOM0/BOP-0.01/,0.75,0.5,0,0.3333,0.625,0.6667,0.575,4
RSI55/MOM0/BOP-0.03/,0.75,0.5,0,0.3333,0.625,0.6667,0.575,4
RSI55/MOM0/BOP-0.05/,0.75,0.5,0,0.3333,0.625,0.5,0.5417,3.8
RSI55/MOM0/MACD0/BBANDS0.07/ADX20/,1,0,0,0,0,0,0.2,0.2
RSI55/MOM0/MACD0/BBANDS0.07/ADX25/,1,0,0,0,0.5,0,0.3,0.4
RSI55/MOM0/MACD0/BBANDS0.07/ADX30/,1,0,0,0,0.5,0,0.3,0.6
RSI55/MOM0/MACD0/BBANDS0.07/ADX35/,1,0.6667,0,0,0.6667,0,0.4667,1.2
RSI55/MOM0/MACD0/BBANDS0.07/ADX40/,0.75,0.6667,0,0,0.6667,0,0.4167,1.4
RSI55/MOM0/MACD0/BBANDS0.07/ADX45/,0.75,0.6667,0,0,0.6667,0,0.4167,1.4
RSI55/MOM0/MACD0/BBANDS0.07/ADX50/,0.75,0.6667,0,0,0.6667,0,0.4167,1.4
RSI55/MOM0/MACD0/BBANDS0.06/,0.75,0,0,0,1,0,0.35,1
RSI55/MOM0/MACD0/BBANDS0.05/,1,0,0,0,1,0,0.4,0.4
RSI55/MOM0/BBANDS0.07/ADX20/,1,0,0,0,0,0,0.2,0.2
RSI55/MOM0/BBANDS0.07/ADX25/,0.3333,0,0,0,0.5,0,0.1667,0.4
RSI55/MOM0/BBANDS0.07/ADX30/,0.5,0,0,0,0.5,0,0.2,0.6
RSI55/MOM0/BBANDS0.07/ADX35/,0.5,0.5,0,0,0.6667,0,0.3333,1.2
RSI55/MOM0/BBANDS0.07/ADX40/,0.5,0.5,0,0,0.6667,0,0.3333,1.4
RSI55/MOM0/BBANDS0.07/ADX45/,0.5,0.5,0,0,0.6667,0,0.3333,1.4
RSI55/MOM0/BBANDS0.07/ADX50/,0.5,0.5,0,0,0.6667,0,0.3333,1.4
RSI55/MOM0/BBANDS0.06/,0.5,0,0,0,1,0,0.3,1
RSI55/MOM0/BBANDS0.05/,0.3333,0,0,0,1,0,0.2667,0.4
RSI55/MOM0/MACD0/BOP0.05/ADX20/,1,0,0,0,0,0,0.2,0.6
RSI55/MOM0/MACD0/BOP0.05/ADX25/,1,0,0,0,0.3333,0,0.2667,0.8
RSI55/MOM0/MACD0/BOP0.05/ADX30/,1,0.3333,0,0,0.25,0,0.3167,1.4
RSI55/MOM0/MACD0/BOP0.05/ADX35/,1,0.6,0,0.5,0.4,0,0.5,2.6
RSI55/MOM0/MACD0/BOP0.05/ADX40/,0.8889,0.6,0,0.5,0.4,0,0.4778,2.8
RSI55/MOM0/MACD0/BOP0.05/ADX45/,0.8889,0.6,0,0.5,0.4,1,0.6778,3
RSI55/MOM0/MACD0/BOP0.05/ADX50/,0.8889,0.6,0,0.5,0.5,1,0.6978,3.2
RSI55/MOM0/BOP0.05/ADX20/,1,0,0,0,0,0,0.2,0.8
RSI55/MOM0/BOP0.05/ADX25/,0.6667,0,0,0,0.3333,0,0.2,1
RSI55/MOM0/BOP0.05/ADX30/,0.75,0.3333,0,0,0.4,0,0.2967,1.8
RSI55/MOM0/BOP0.05/ADX35/,0.8,0.6667,0,0.5,0.5,0,0.4933,3.2
RSI55/MOM0/BOP0.05/ADX40/,0.75,0.6667,0,0.5,0.5,0,0.4833,3.4
RSI55/MOM0/BOP0.05/ADX45/,0.75,0.6667,0,0.5,0.5,0.5,0.5833,3.6
RSI55/MOM0/BOP0.05/ADX50/,0.75,0.6667,0,0.5,0.5714,0.5,0.5976,3.8
RSI55/MOM0/MACD0/ADX20/,1,0,0,0,0,0,0.2,0.6
RSI55/MOM0/MACD0/ADX25/,1,0,0,0,0.2,0,0.24,0.8
RSI55/MOM0/MACD0/ADX30/,1,0.25,0,0,0.1667,0,0.2833,1.4
RSI55/MOM0/MACD0/ADX35/,1,0.5,0,0.5,0.2857,0,0.4571,2.6
RSI55/MOM0/MACD0/ADX40/,0.8889,0.5,0,0.5,0.2857,0,0.4349,2.8
RSI55/MOM0/MACD0/ADX45/,0.8889,0.5,0,0.5,0.2857,1,0.6349,3
RSI55/MOM0/MACD0/ADX50/,0.8889,0.5,0,0.5,0.375,1,0.6528,3.2
RSI55/MOM0/ADX20/,1,0,0,0,0,0,0.2,0.8
RSI55/MOM0/ADX25/,0.6667,0,0,0,0.2,0,0.1733,1
RSI55/MOM0/ADX30/,0.75,0.2,0,0,0.2857,0,0.2471,1.8
RSI55/MOM0/ADX35/,0.8,0.5,0,0.5,0.375,0,0.435,3.2
RSI55/MOM0/ADX40/,0.75,0.5,0,0.5,0.375,0,0.425,3.4
RSI55/MOM0/ADX45/,0.75,0.5,0,0.5,0.375,0.5,0.525,3.6
RSI55/MOM0/ADX50/,0.75,0.5,0,0.5,0.4444,0.5,0.5389,3.8
RSI55/MOM0/MACD0/BOP0.05/BBANDS0.07/,0.75,1,0,0,0.6667,0,0.4833,1.4
RSI55/MOM0/BOP0.05/BBANDS0.07/,0.5,1,0,0,0.6667,0,0.4333,1.4
RSI55/MOM0/MACD0/BBANDS0.07/,0.75,0.6667,0,0,0.6667,0,0.4167,1.4
RSI55/MOM0/BBANDS0.07/,0.5,0.5,0,0,0.6667,0,0.3333,1.4
RSI55/MOM0/MACD0/BOP0.05/,0.8889,0.5,0,0.5,0.5714,1,0.6921,3.4
RSI55/MOM0/BOP0.05/,0.75,0.5714,0,0.3333,0.625,0.6667,0.5893,4.2
RSI55/MOM0/MACD0/,0.8889,0.4286,0,0.5,0.4444,1,0.6524,3.4
RSI55/MOM0/,0.75,0.4444,0,0.3333,0.5,0.5,0.5055,4.2
RSI55/BOP0.03/ADX35/,1,0.5,0,0.5,0.75,0,0.55,6.6
RSI55/BOP0.03/ADX40/,1,0.5,0,0.5,0.7222,0,0.5444,6.8
RSI55/BOP0.03/ADX45/,1,0.5,0,0.5,0.7222,0.3333,0.6111,7
RSI55/BOP0.03/ADX50/,1,0.5556,0,0.5,0.7368,0.3333,0.6251,7.4
RSI60/BOP0.05/BBANDS0.05/,0.6,0.75,1,0.1667,0.5556,0,0.4145,2.4
RSI60/MACD0/BOP0.05/BBANDS0.05/,1,0.5,0,0,0.75,0,0.45,1.2
RSI60/MACD0/BOP0.05/BBANDS0.04/,1,0.5,0,0,0,0,0.3,0.4
RSI60/MACD0/BOP0.05/BBANDS0.03/,0,0,0,0,0,0,0,0
RSI60/BOP0.05/BBANDS0.04/,0.6667,0.6667,1,0,0.3333,0,0.3333,1
RSI60/BOP0.05/BBANDS0.03/,1,1,0,0,0,0,0.4,0.4
RSI60/MACD0/BBANDS0.05/,1,0.5,0,0,0.75,0,0.45,1.4
RSI60/MACD0/BBANDS0.04/,1,0.5,0,0,0,0,0.3,0.6
RSI60/MACD0/BBANDS0.03/,1,0,0,0,0,0,0.2,0.2
RSI60/BBANDS0.03/,1,0.5,0,0,0,0,0.3,1
RSI55/MOM0/MACD0/BOP0.03/ADX35/,1,0.3333,0,1,0,0,0.4667,1.4
RSI55/MOM0/MACD0/BOP0.03/ADX40/,1,0.3333,0,1,0,0,0.4667,1.4
RSI55/MOM0/MACD0/BOP0.03/ADX45/,1,0.3333,0,1,0,1,0.6667,1.6
RSI55/MOM0/MACD0/BOP0.03/ADX50/,1,0.3333,0,1,0.3333,1,0.7333,1.8
RSI55/MACD0/BOP0.03/ADX35/,1,0.3333,0,1,0.6364,0,0.5939,4.6
RSI55/MACD0/BOP0.03/ADX40/,1,0.3333,0,1,0.6154,0,0.5897,4.8
RSI55/MACD0/BOP0.03/ADX45/,1,0.3333,0,1,0.6154,1,0.7897,5
RSI55/MACD0/BOP0.03/ADX50/,1,0.3333,0,1,0.6429,1,0.7952,5.2
RSI55/MOM0/BOP0.03/ADX35/,1,0.5,0,1,0.3333,0,0.5667,2
RSI55/MOM0/BOP0.03/ADX40/,1,0.5,0,1,0.3333,0,0.5667,2
RSI55/MOM0/BOP0.03/ADX45/,1,0.5,0,1,0.3333,0.5,0.6667,2.2
RSI55/MOM0/BOP0.03/ADX50/,1,0.5,0,1,0.5,0.5,0.7,2.4
RSI35/BBANDS0.06/,0,0,0,1,0,0,0.2,0.2
RSI35/BBANDS0.05/,0,0,0,1,0,0,0.2,0.2
RSI35/MACD0/BBANDS0.06/,0,0,0,1,0,0,0.2,0.2
RSI35/MACD0/BBANDS0.05/,0,0,0,1,0,0,0.2,0.2
RSI30/MACD0/BBANDS0.06/,0,0,0,1,1,0,0.4,0.4
RSI30/MACD0/BBANDS0.05/,0,0,0,1,0,0,0.2,0.2
RSI30/BBANDS0.06/,0,0,0,1,1,0,0.4,0.4
RSI30/BBANDS0.05/,0,0,0,1,0,0,0.2,0.2
RSI35/BBANDS0.07/,0,0,0,1,1,0,0.4,0.6
RSI35/MACD0/BBANDS0.07/,0,0,0,1,1,0,0.4,0.6
RSI30/MACD0/BBANDS0.07/,0,0,0,1,1,0,0.4,0.4
RSI30/BBANDS0.07/,0,0,0,1,1,0,0.4,0.4
RSI60/MOM0/BOP0.05/BBANDS0.07/ADX50/,1,0.6667,0,0.5,0.4,0,0.5133,1.8
RSI60/MOM0/BOP0.05/BBANDS0.07/,1,0.6667,0,0.5,0.4,0,0.5133,1.8
RSI35/MACD0/BOP0.05/BBANDS0.07/ADX40/,0,0,0,1,1,0,0.4,0.4
RSI35/MACD0/BOP0.05/BBANDS0.07/ADX45/,0,0,0,1,1,0,0.4,0.4
RSI35/MACD0/BOP0.05/BBANDS0.07/ADX50/,0,0,0,1,1,0,0.4,0.4
RSI35/BOP0.05/BBANDS0.07/ADX40/,0,0,0,1,1,0,0.4,0.4
RSI35/BOP0.05/BBANDS0.07/ADX45/,0,0,0,1,1,0,0.4,0.4
RSI35/BOP0.05/BBANDS0.07/ADX50/,0,0,0,1,1,0,0.4,0.4
RSI35/MACD0/BBANDS0.07/ADX40/,0,0,0,1,1,0,0.4,0.4
RSI35/MACD0/BBANDS0.07/ADX45/,0,0,0,1,1,0,0.4,0.4
RSI35/MACD0/BBANDS0.07/ADX50/,0,0,0,1,1,0,0.4,0.4
RSI35/BBANDS0.07/ADX40/,0,0,0,1,1,0,0.4,0.4
RSI35/BBANDS0.07/ADX45/,0,0,0,1,1,0,0.4,0.4
RSI35/BBANDS0.07/ADX50/,0,0,0,1,1,0,0.4,0.4
RSI35/MACD0/BOP0.05/BBANDS0.07/,0,0,0,1,1,0,0.4,0.4
RSI35/BOP0.05/BBANDS0.07/,0,0,0,1,1,0,0.4,0.4
RSI60/MOM0/BOP0.05/BBANDS0.06/,1,1,0,0.3333,0.5,0,0.5667,1.4
RSI60/MOM0/BOP0.05/BBANDS0.05/,1,1,0,0,0.5,0,0.5,1
RSI35/MACD0/BOP0.03/ADX30/,1,1,0,1,0,0,0.6,0.8
RSI35/MACD0/BOP0.03/ADX35/,1,1,0,1,0,0.5,0.7,1
RSI35/BOP0.03/ADX30/,1,1,0,1,0,0,0.6,0.8
RSI35/BOP0.03/ADX35/,1,1,0,1,0,0.5,0.7,1
RSI35/MACD0/BOP0.05/ADX30/,1,1,0,1,0,0,0.6,0.8
RSI35/MACD0/BOP0.05/ADX35/,1,0.5,0,1,0,0.5,0.6,1
RSI35/BOP0.05/ADX30/,1,1,0,1,0,0,0.6,0.8
RSI35/BOP0.05/ADX35/,1,0.5,0,1,0,0.5,0.6,1
RSI35/MACD0/ADX30/,1,1,0,1,0,0,0.6,0.8
RSI35/MACD0/ADX35/,1,0.5,0,1,0,0.5,0.6,1
RSI35/ADX30/,1,0.5,0,1,0,0,0.5,0.8
RSI35/ADX35/,1,0.25,0,1,0,0.5,0.55,1
RSI60/MOM0/BOP0.05/BBANDS0.07/ADX25/,1,0,0,1,1,0,0.6,0.6
RSI60/MOM0/BOP0.05/BBANDS0.07/ADX30/,1,0,0,1,0.5,0,0.5,0.8
RSI60/MOM0/BOP0.05/BBANDS0.07/ADX35/,1,0.5,0,0.5,0.5,0,0.5,1.2
RSI60/MOM0/BOP0.05/BBANDS0.07/ADX40/,1,0.5,0,0.5,0.4,0,0.48,1.2
RSI60/MOM0/BOP0.05/BBANDS0.07/ADX45/,1,0.5,0,0.5,0.4,0,0.48,1.2
RSI60/MOM0/BBANDS0.07/ADX25/,1,0,0,1,1,0,0.6,0.6
RSI60/MOM0/BOP0.05/ADX25/,0.6667,0,0,1,1,0,0.5333,0.8
RSI60/MOM0/ADX25/,0.6667,0,0,1,1,0,0.5333,0.8
RSI55/BOP0.03/ADX20/,1,0,0,0,0,0,0.2,1.2
RSI55/BOP0.03/ADX25/,1,0.3333,0,0,0.5,0,0.3667,2.4
RSI55/BOP0.03/ADX30/,1,0.4286,0,0.5,0.7333,0,0.5324,5.4
RSI50/MACD-1/,0.5,0.5,0,1,0.6667,0,0.5333,1
RSI50/MACD-1/ADX40/,1,0,0,1,0.5,0,0.5,0.6
RSI50/MACD-1/ADX45/,1,0.5,0,1,0.5,0,0.6,0.8
RSI50/MACD-1/ADX50/,1,0.5,0,1,0.5,0,0.6,0.8
RSI40/MOM0/MACD-1/,1,0.6667,0,1,1,0,0.7333,1.2
RSI40/MACD-1/,1,0.6667,0,1,1,0,0.7333,1.4
RSI40/MOM0/MACD-1/ADX40/,1,0.5,0,1,1,0,0.7,0.8
RSI40/MOM0/MACD-1/ADX45/,1,0.5,0,1,1,0,0.7,0.8
RSI40/MOM0/MACD-1/ADX50/,1,0.5,0,1,1,0,0.7,0.8
RSI40/MACD-1/ADX40/,1,0.5,0,1,1,0,0.7,1
RSI40/MACD-1/ADX45/,1,0.5,0,1,1,0,0.7,1
RSI40/MACD-1/ADX50/,1,0.5,0,1,1,0,0.7,1
RSI40/MOM0/MACD0/BOP0.03/ADX20/,1,0,0,1,0.4,0,0.48,0.8
RSI40/MACD0/BOP0.03/ADX20/,1,0,0,1,0.4,0,0.48,1
RSI40/MOM0/BOP0.03/ADX20/,1,0,0,1,0.4,0,0.48,0.8
RSI40/BOP0.03/ADX20/,1,0,0,1,0.4,0,0.48,1
RSI40/MOM0/MACD0/BOP0.05/ADX20/,1,0,0,1,0.2857,0,0.4571,0.8
RSI40/MACD0/BOP0.05/ADX20/,1,0,0,1,0.2857,0,0.4571,1
RSI40/MOM0/BOP0.05/ADX20/,1,0,0,1,0.2857,0,0.4571,0.8
RSI40/BOP0.05/ADX20/,1,0,0,1,0.2857,0,0.4571,1
RSI40/MOM0/MACD0/ADX20/,1,0,0,1,0.2857,0,0.4571,0.8
RSI40/MACD0/ADX20/,1,0,0,1,0.2857,0,0.4571,1
RSI40/MOM0/ADX20/,1,0,0,1,0.2857,0,0.4571,0.8
RSI40/ADX20/,1,0,0,1,0.25,0,0.45,1
RSI60/MOM0/BOP0.05/BBANDS0.04/,1,0,0,0,0,0,0.2,0.4
Default,0.7289,0.5799,0.619,0.5493,0.584,0.2759,0.5436,111
RSI35/MOM0/MACD0/BOP0.03/ADX35/,1,1,0,0,0,0.5,0.5,0.8
RSI35/MOM0/MACD-1/,1,0,0,0,0,0.5,0.3,0.4
RSI35/MOM0/MACD-2/,0,0,0,0,0,0.5,0.1,0.2
MOM0/MACD-2/,0.5,0.5,0,0,0.75,0.5,0.45,1.6
RSI35/MACD-1/,1,0,0,0,0,0.5,0.3,0.4
RSI35/MACD-2/,0,0,0,0,0,0.5,0.1,0.2
MACD-2/,0.5,0.5,0,0,0.75,0.5,0.45,1.6
RSI35/MOM0/BOP0.03/ADX35/,1,1,0,0,0,0.5,0.5,0.8
RSI35/MOM0/MACD-1/ADX35/,1,0,0,0,0,1,0.4,0.4
RSI35/MOM0/MACD-1/ADX40/,1,0,0,0,0,1,0.4,0.4
RSI35/MOM0/MACD-1/ADX45/,1,0,0,0,0,1,0.4,0.4
RSI35/MOM0/MACD-1/ADX50/,1,0,0,0,0,1,0.4,0.4
RSI35/MACD-1/ADX35/,1,0,0,0,0,1,0.4,0.4
RSI35/MACD-1/ADX40/,1,0,0,0,0,1,0.4,0.4
RSI35/MACD-1/ADX45/,1,0,0,0,0,1,0.4,0.4
RSI35/MACD-1/ADX50/,1,0,0,0,0,1,0.4,0.4
RSI35/MOM0/MACD0/BOP0.05/ADX35/,1,0.5,0,0,0,0.5,0.4,0.8
RSI35/MOM0/BOP0.05/ADX35/,1,0.5,0,0,0,0.5,0.4,0.8
RSI35/MOM0/MACD0/ADX35/,1,0.5,0,0,0,0.5,0.4,0.8
RSI35/MOM0/ADX35/,1,0.5,0,0,0,0.5,0.4,0.8
RSI45/MOM0/BOP0.03/ADX20/,1,0,0,0,0.6667,1,0.5333,1
RSI45/BOP0.03/ADX20/,1,0,0,0,0.6667,1,0.5333,1.4
RSI35/MOM0/MACD0/BOP0.03/ADX20/,0,0,0,0,0,0,0,0
RSI35/MOM0/MACD0/BOP0.03/ADX25/,1,0,0,0,0,0,0.2,0.4
RSI35/MOM0/MACD0/BOP0.03/ADX30/,1,1,0,0,0,0,0.4,0.6
RSI35/MACD0/BOP0.03/ADX20/,0,0,0,0,0,0,0,0
RSI35/MACD0/BOP0.03/ADX25/,1,0,0,0,0,0,0.2,0.4
RSI35/MOM0/BOP0.03/ADX20/,0,0,0,0,0,0,0,0
RSI35/MOM0/BOP0.03/ADX25/,1,0,0,0,0,0,0.2,0.4
RSI35/MOM0/BOP0.03/ADX30/,1,1,0,0,0,0,0.4,0.6
RSI35/BOP0.03/ADX20/,0,0,0,0,0,0,0,0
RSI35/BOP0.03/ADX25/,1,0,0,0,0,0,0.2,0.4
RSI35/MOM0/MACD0/BOP0.05/ADX20/,0,0,0,0,0,0,0,0
RSI35/MOM0/MACD0/BOP0.05/ADX25/,1,0,0,0,0,0,0.2,0.4
RSI35/MOM0/MACD0/BOP0.05/ADX30/,1,1,0,0,0,0,0.4,0.6
RSI35/MACD0/BOP0.05/ADX20/,0,0,0,0,0,0,0,0
RSI35/MACD0/BOP0.05/ADX25/,1,0,0,0,0,0,0.2,0.4
RSI35/MOM0/BOP0.05/ADX20/,0,0,0,0,0,0,0,0
RSI35/MOM0/BOP0.05/ADX25/,1,0,0,0,0,0,0.2,0.4
RSI35/MOM0/BOP0.05/ADX30/,1,1,0,0,0,0,0.4,0.6
RSI35/BOP0.05/ADX20/,0,0,0,0,0,0,0,0
RSI35/BOP0.05/ADX25/,1,0,0,0,0,0,0.2,0.4
RSI35/MOM0/MACD0/ADX20/,0,0,0,0,0,0,0,0
RSI35/MOM0/MACD0/ADX25/,1,0,0,0,0,0,0.2,0.4
RSI35/MOM0/MACD0/ADX30/,1,1,0,0,0,0,0.4,0.6
RSI35/MACD0/ADX20/,0,0,0,0,0,0,0,0
RSI35/MACD0/ADX25/,1,0,0,0,0,0,0.2,0.4
RSI35/MOM0/ADX20/,0,0,0,0,0,0,0,0
RSI35/MOM0/ADX25/,1,0,0,0,0,0,0.2,0.4
RSI35/MOM0/ADX30/,1,1,0,0,0,0,0.4,0.6
RSI35/ADX20/,0,0,0,0,0,0,0,0
RSI35/ADX25/,1,0,0,0,0,0,0.2,0.4
RSI35/MOM0/MACD-1/ADX25/,1,0,0,0,0,0,0.2,0.2
RSI35/MOM0/MACD-1/ADX30/,1,0,0,0,0,0,0.2,0.2
MOM0/MACD-1/ADX25/,1,0,0,0,0,0,0.2,0.8
MOM0/MACD-1/ADX30/,1,0.25,0,0,0.3333,0,0.3167,1.2
RSI35/MACD-1/ADX25/,1,0,0,0,0,0,0.2,0.2
RSI35/MACD-1/ADX30/,1,0,0,0,0,0,0.2,0.2
MACD-1/ADX25/,1,0,0,0,0,0,0.2,0.8
MACD-1/ADX30/,1,0.25,0,0,0.3333,0,0.3167,1.2
RSI55/MACD0/BOP0.03/ADX30/,1,0.3333,0,0,0.6,0,0.3867,3.6
RSI40/MOM0/MACD0/BOP0.05/BBANDS0.07/ADX20/,0,0,0,0,0,0,0,0
RSI40/MOM0/MACD0/BOP0.05/BBANDS0.07/ADX25/,0,0,0,0,0,0,0,0
RSI40/MOM0/MACD0/BOP0.05/BBANDS0.07/ADX30/,0,1,0,0,0.3333,0,0.2667,0.4
RSI40/MOM0/MACD0/BOP0.05/BBANDS0.07/ADX35/,1,1,0,0,0.3333,0,0.4667,0.6
RSI40/MOM0/MACD0/BOP0.05/BBANDS0.07/ADX40/,1,1,0,0,0.3333,0,0.4667,0.8
RSI40/MOM0/MACD0/BOP0.05/BBANDS0.07/ADX45/,1,1,0,0,0.3333,0,0.4667,0.8
RSI40/MOM0/MACD0/BOP0.05/BBANDS0.07/ADX50/,1,1,0,0,0.3333,0,0.4667,0.8
RSI40/MACD0/BOP0.05/BBANDS0.07/ADX20/,0,0,0,0,0,0,0,0
RSI40/MACD0/BOP0.05/BBANDS0.07/ADX25/,0,0,0,0,0,0,0,0
RSI40/MOM0/BOP0.05/BBANDS0.07/ADX20/,0,0,0,0,0,0,0,0
RSI40/MOM0/BOP0.05/BBANDS0.07/ADX25/,0,0,0,0,0,0,0,0
RSI40/MOM0/BOP0.05/BBANDS0.07/ADX30/,0,1,0,0,0.3333,0,0.2667,0.4
RSI40/MOM0/BOP0.05/BBANDS0.07/ADX35/,1,1,0,0,0.3333,0,0.4667,0.6
RSI40/MOM0/BOP0.05/BBANDS0.07/ADX40/,1,1,0,0,0.3333,0,0.4667,0.8
RSI40/MOM0/BOP0.05/BBANDS0.07/ADX45/,1,1,0,0,0.3333,0,0.4667,0.8
RSI40/MOM0/BOP0.05/BBANDS0.07/ADX50/,1,1,0,0,0.3333,0,0.4667,0.8
RSI40/BOP0.05/BBANDS0.07/ADX20/,0,0,0,0,0,0,0,0
RSI40/BOP0.05/BBANDS0.07/ADX25/,0,0,0,0,0,0,0,0
RSI40/MOM0/MACD0/BBANDS0.07/ADX20/,0,0,0,0,0,0,0,0
RSI40/MOM0/MACD0/BBANDS0.07/ADX25/,0,0,0,0,0,0,0,0
RSI40/MOM0/MACD0/BBANDS0.07/ADX30/,0,1,0,0,0.3333,0,0.2667,0.4
RSI40/MOM0/MACD0/BBANDS0.07/ADX35/,1,1,0,0,0.3333,0,0.4667,0.6
RSI40/MOM0/MACD0/BBANDS0.07/ADX40/,1,1,0,0,0.3333,0,0.4667,0.8
RSI40/MOM0/MACD0/BBANDS0.07/ADX45/,1,1,0,0,0.3333,0,0.4667,0.8
RSI40/MOM0/MACD0/BBANDS0.07/ADX50/,1,1,0,0,0.3333,0,0.4667,0.8
RSI40/MACD0/BBANDS0.07/ADX20/,0,0,0,0,0,0,0,0
RSI40/MACD0/BBANDS0.07/ADX25/,0,0,0,0,0.3333,0,0.0667,0.2
RSI40/MOM0/BBANDS0.07/ADX20/,0,0,0,0,0,0,0,0
RSI40/MOM0/BBANDS0.07/ADX25/,0,0,0,0,0,0,0,0
RSI40/MOM0/BBANDS0.07/ADX30/,0,1,0,0,0.3333,0,0.2667,0.4
RSI40/MOM0/BBANDS0.07/ADX35/,1,1,0,0,0.3333,0,0.4667,0.6
RSI40/MOM0/BBANDS0.07/ADX40/,1,1,0,0,0.3333,0,0.4667,0.8
RSI40/MOM0/BBANDS0.07/ADX45/,1,1,0,0,0.3333,0,0.4667,0.8
RSI40/MOM0/BBANDS0.07/ADX50/,1,1,0,0,0.3333,0,0.4667,0.8
RSI40/BBANDS0.07/ADX20/,0,0,0,0,0,0,0,0
RSI40/BBANDS0.07/ADX25/,0,0,0,0,0.3333,0,0.0667,0.2
RSI40/MOM0/MACD0/BOP0.05/BBANDS0.07/,1,1,0,0,0.3333,0,0.4667,1
RSI40/MOM0/BOP0.05/BBANDS0.07/,1,1,0,0,0.3333,0,0.4667,1
RSI40/MOM0/MACD0/BBANDS0.07/,1,1,0,0,0.3333,0,0.4667,1
RSI40/MOM0/BBANDS0.07/,1,1,0,0,0.3333,0,0.4667,1
RSI50/MOM0/MACD-1/,0.5,0.5,0,0,0.6667,0,0.3333,0.8
RSI50/MOM0/MACD-2/,0,0,0,0,1,0,0.2,0.4
RSI50/MOM0/MACD-3/,0,0,0,0,1,0,0.2,0.4
MOM0/MACD-3/,0.5,0.6667,0,0,0.75,0,0.3833,1.2
RSI50/MACD-2/,0,0,0,0,1,0,0.2,0.4
RSI50/MACD-3/,0,0,0,0,1,0,0.2,0.4
MACD-3/,0.5,0.6667,0,0,0.75,0,0.3833,1.2
RSI50/MOM0/MACD-1/ADX30/,1,0,0,0,1,0,0.4,0.4
RSI50/MOM0/MACD-1/ADX35/,1,0,0,0,0.5,0,0.3,0.4
RSI50/MOM0/MACD-1/ADX40/,1,0,0,0,0.5,0,0.3,0.4
RSI50/MOM0/MACD-1/ADX45/,1,0.5,0,0,0.5,0,0.4,0.6
RSI50/MOM0/MACD-1/ADX50/,1,0.5,0,0,0.5,0,0.4,0.6
RSI50/MACD-1/ADX30/,1,0,0,0,1,0,0.4,0.4
RSI50/MACD-1/ADX35/,1,0,0,0,0.5,0,0.3,0.4
RSI35/MOM0/MACD0/BOP0.05/BBANDS0.07/ADX40/,0,0,0,0,1,0,0.2,0.2
RSI35/MOM0/MACD0/BOP0.05/BBANDS0.07/ADX45/,0,0,0,0,1,0,0.2,0.2
RSI35/MOM0/MACD0/BOP0.05/BBANDS0.07/ADX50/,0,0,0,0,1,0,0.2,0.2
RSI35/MOM0/BOP0.05/BBANDS0.07/ADX40/,0,0,0,0,1,0,0.2,0.2
RSI35/MOM0/BOP0.05/BBANDS0.07/ADX45/,0,0,0,0,1,0,0.2,0.2
RSI35/MOM0/BOP0.05/BBANDS0.07/ADX50/,0,0,0,0,1,0,0.2,0.2
RSI35/MOM0/MACD0/BBANDS0.07/ADX40/,0,0,0,0,1,0,0.2,0.2
RSI35/MOM0/MACD0/BBANDS0.07/ADX45/,0,0,0,0,1,0,0.2,0.2
RSI35/MOM0/MACD0/BBANDS0.07/ADX50/,0,0,0,0,1,0,0.2,0.2
RSI35/MOM0/BBANDS0.07/ADX40/,0,0,0,0,1,0,0.2,0.2
RSI35/MOM0/BBANDS0.07/ADX45/,0,0,0,0,1,0,0.2,0.2
RSI35/MOM0/BBANDS0.07/ADX50/,0,0,0,0,1,0,0.2,0.2
RSI35/MOM0/MACD0/BOP0.05/BBANDS0.07/,0,0,0,0,1,0,0.2,0.2
RSI35/MOM0/BOP0.05/BBANDS0.07/,0,0,0,0,1,0,0.2,0.2
RSI35/MOM0/MACD0/BBANDS0.07/,0,0,0,0,1,0,0.2,0.2
RSI35/MOM0/BBANDS0.07/,0,0,0,0,1,0,0.2,0.2
RSI55/MOM0/MACD0/BOP0.03/ADX30/,1,0.3333,0,0,0,0,0.2667,0.8
RSI55/MOM0/BOP0.03/ADX30/,1,0.3333,0,0,0.3333,0,0.3333,1.2
RSI60/MOM0/MACD0/BOP0.05/BBANDS0.07/ADX35/,1,0,0,0,1,0,0.4,0.6
RSI60/MOM0/MACD0/BOP0.05/BBANDS0.07/ADX40/,1,0,0,0,0.6667,0,0.3333,0.6
RSI60/MOM0/MACD0/BOP0.05/BBANDS0.07/ADX45/,1,0,0,0,0.6667,0,0.3333,0.6
RSI60/MOM0/MACD0/BOP0.05/BBANDS0.07/ADX50/,1,1,0,0,0.6667,0,0.5333,1
RSI60/MOM0/MACD0/BOP0.05/BBANDS0.06/,1,0,0,0,0.6667,0,0.3333,0.8
RSI60/MOM0/MACD0/BOP0.05/BBANDS0.05/,1,0,0,0,0.6667,0,0.3333,0.6
RSI60/MOM0/MACD0/BBANDS0.07/ADX35/,1,0,0,0,1,0,0.4,0.6
RSI60/MOM0/MACD0/BBANDS0.07/ADX40/,1,0,0,0,0.6667,0,0.3333,0.6
RSI60/MOM0/MACD0/BBANDS0.07/ADX45/,1,0,0,0,0.6667,0,0.3333,0.6
RSI60/MOM0/MACD0/BBANDS0.07/ADX50/,1,1,0,0,0.6667,0,0.5333,1
RSI60/MOM0/MACD0/BBANDS0.06/,1,0,0,0,0.6667,0,0.3333,0.8
RSI60/MOM0/MACD0/BBANDS0.05/,1,0,0,0,0.6667,0,0.3333,0.6
RSI60/MOM0/MACD0/BOP0.05/BBANDS0.07/,1,1,0,0,0.6667,0,0.5333,1
RSI60/MOM0/MACD0/BBANDS0.07/,1,1,0,0,0.6667,0,0.5333,1
RSI60/MOM0/MACD0/BOP0.05/BBANDS0.07/ADX25/,0,0,0,0,1,0,0.2,0.2
RSI60/MOM0/MACD0/BOP0.05/BBANDS0.07/ADX30/,1,0,0,0,1,0,0.4,0.4
RSI60/MOM0/MACD0/BBANDS0.07/ADX25/,0,0,0,0,1,0,0.2,0.2
RSI60/MOM0/MACD0/BBANDS0.07/ADX30/,1,0,0,0,1,0,0.4,0.4
RSI60/MOM0/MACD0/BOP0.05/ADX25/,1,0,0,0,1,0,0.4,0.4
RSI60/MOM0/MACD0/ADX25/,1,0,0,0,1,0,0.4,0.4
RSI55/MACD0/BOP0.03/ADX20/,1,0,0,0,0,0,0.2,1
RSI55/MACD0/BOP0.03/ADX25/,1,0.3333,0,0,0.4,0,0.3467,2
RSI55/MOM0/MACD0/BOP0.03/ADX20/,1,0,0,0,0,0,0.2,0.4
RSI55/MOM0/MACD0/BOP0.03/ADX25/,1,0,0,0,0,0,0.2,0.4
RSI55/MOM0/BOP0.03/ADX20/,1,0,0,0,0,0,0.2,0.6
RSI55/MOM0/BOP0.03/ADX25/,1,0,0,0,0,0,0.2,0.6
RSI60/MOM0/MACD0/BOP0.05/BBANDS0.04/,1,0,0,0,0,0,0.2,0.2
RSI60/MOM0/MACD0/BBANDS0.04/,1,0,0,0,0,0,0.2,0.2
RSI45/MOM0/MACD0/BOP0.03/ADX20/,1,0,0,0,0.6667,0,0.3333,0.8
RSI45/MACD0/BOP0.03/ADX20/,1,0,0,0,0.6667,0,0.3333,1.2
RSI60/BBANDS0.02/,1,0,0,0,0,0,0.2,0.2
RSI30/MOM0/MACD-1/,0,0.3333,0,0,1,0,0.2667,0.4
RSI30/MOM0/MACD-2/,0,0.5,0,0,1,0,0.3,0.4
RSI30/MOM0/MACD-3/,0,1,0,0,1,0,0.4,0.4
RSI30/MOM-1/,0,0,0,0,1,0,0.2,0.2
MOM-1/,0,0,0,0,1,0,0.2,0.2
RSI30/MACD-1/,0,0.3333,0,0,1,0,0.2667,0.4
RSI30/MACD-2/,0,0.5,0,0,1,0,0.3,0.4
RSI30/MACD-3/,0,1,0,0,1,0,0.4,0.4
RSI60/MACD-1/,0,0,0,0,1,0,0.2,0.2
RSI55/MACD-1/,0,0,0,0,1,0,0.2,0.4
MOM0/MACD0/BOP0.05/BBANDS0.02/,0.5,0,0,0,1,0,0.3,0.6
MOM0/MACD0/BBANDS0.02/,0.5,0,0,0,1,0,0.3,0.6
RSI35/MOM0/MACD-1/ADX20/,0,0,0,0,0,0,0,0
MOM0/MACD-1/ADX20/,1,0,0,0,0,0,0.2,0.2
RSI35/MACD-1/ADX20/,0,0,0,0,0,0,0,0
MACD-1/ADX20/,1,0,0,0,0,0,0.2,0.2
RSI45/BBANDS0.02/,1,0,0,0,1,0,0.4,0.4
RSI45/MACD0/BBANDS0.02/,1,0,0,0,1,0,0.4,0.4
RSI40/MACD0/BBANDS0.04/,0,1,0,0,1,0,0.4,0.4
RSI40/MACD0/BBANDS0.03/,0,0,0,0,1,0,0.2,0.2
RSI40/MACD0/BBANDS0.02/,0,0,0,0,1,0,0.2,0.2
RSI40/BBANDS0.04/,0,1,0,0,1,0,0.4,0.4
RSI40/BBANDS0.03/,0,0,0,0,1,0,0.2,0.2
RSI40/BBANDS0.02/,0,0,0,0,1,0,0.2,0.2
RSI55/MOM0/MACD-1/,0,0,0,0,1,0,0.2,0.2
RSI30/MOM0/MACD0/BOP0.05/BBANDS0.07/ADX30/,0,0,0,0,1,0,0.2,0.2
RSI30/MOM0/MACD0/BOP0.05/BBANDS0.07/ADX35/,0,0,0,0,1,0,0.2,0.2
RSI30/MOM0/MACD0/BOP0.05/BBANDS0.07/ADX40/,0,0,0,0,1,0,0.2,0.2
RSI30/MOM0/MACD0/BOP0.05/BBANDS0.07/ADX45/,0,0,0,0,1,0,0.2,0.2
RSI30/MOM0/MACD0/BOP0.05/BBANDS0.07/ADX50/,0,0,0,0,1,0,0.2,0.2
RSI30/MOM0/MACD0/BOP0.05/BBANDS0.06/,0,0,0,0,1,0,0.2,0.2
RSI30/MACD0/BOP0.05/BBANDS0.07/ADX30/,0,0,0,0,1,0,0.2,0.2
RSI30/MACD0/BOP0.05/BBANDS0.07/ADX35/,0,0,0,0,1,0,0.2,0.2
RSI30/MACD0/BOP0.05/BBANDS0.07/ADX40/,0,0,0,0,1,0,0.2,0.2
RSI30/MACD0/BOP0.05/BBANDS0.07/ADX45/,0,0,0,0,1,0,0.2,0.2
RSI30/MACD0/BOP0.05/BBANDS0.07/ADX50/,0,0,0,0,1,0,0.2,0.2
RSI30/MACD0/BOP0.05/BBANDS0.06/,0,0,0,0,1,0,0.2,0.2
RSI30/MOM0/BOP0.05/BBANDS0.07/ADX30/,0,0,0,0,1,0,0.2,0.2
RSI30/MOM0/BOP0.05/BBANDS0.07/ADX35/,0,0,0,0,1,0,0.2,0.2
RSI30/MOM0/BOP0.05/BBANDS0.07/ADX40/,0,0,0,0,1,0,0.2,0.2
RSI30/MOM0/BOP0.05/BBANDS0.07/ADX45/,0,0,0,0,1,0,0.2,0.2
RSI30/MOM0/BOP0.05/BBANDS0.07/ADX50/,0,0,0,0,1,0,0.2,0.2
RSI30/MOM0/BOP0.05/BBANDS0.06/,0,0,0,0,1,0,0.2,0.2
RSI30/BOP0.05/BBANDS0.07/ADX30/,0,0,0,0,1,0,0.2,0.2
RSI30/BOP0.05/BBANDS0.07/ADX35/,0,0,0,0,1,0,0.2,0.2
RSI30/BOP0.05/BBANDS0.07/ADX40/,0,0,0,0,1,0,0.2,0.2
RSI30/BOP0.05/BBANDS0.07/ADX45/,0,0,0,0,1,0,0.2,0.2
RSI30/BOP0.05/BBANDS0.07/ADX50/,0,0,0,0,1,0,0.2,0.2
RSI30/BOP0.05/BBANDS0.06/,0,0,0,0,1,0,0.2,0.2
RSI30/MOM0/MACD0/BBANDS0.07/ADX30/,0,0,0,0,1,0,0.2,0.2
RSI30/MOM0/MACD0/BBANDS0.07/ADX35/,0,0,0,0,1,0,0.2,0.2
RSI30/MOM0/MACD0/BBANDS0.07/ADX40/,0,0,0,0,1,0,0.2,0.2
RSI30/MOM0/MACD0/BBANDS0.07/ADX45/,0,0,0,0,1,0,0.2,0.2
RSI30/MOM0/MACD0/BBANDS0.07/ADX50/,0,0,0,0,1,0,0.2,0.2
RSI30/MOM0/MACD0/BBANDS0.06/,0,0,0,0,1,0,0.2,0.2
RSI30/MACD0/BBANDS0.07/ADX30/,0,0,0,0,1,0,0.2,0.2
RSI30/MACD0/BBANDS0.07/ADX35/,0,0,0,0,1,0,0.2,0.2
RSI30/MACD0/BBANDS0.07/ADX40/,0,0,0,0,1,0,0.2,0.2
RSI30/MACD0/BBANDS0.07/ADX45/,0,0,0,0,1,0,0.2,0.2
RSI30/MACD0/BBANDS0.07/ADX50/,0,0,0,0,1,0,0.2,0.2
RSI30/MOM0/BBANDS0.07/ADX30/,0,0,0,0,1,0,0.2,0.2
RSI30/MOM0/BBANDS0.07/ADX35/,0,0,0,0,1,0,0.2,0.2
RSI30/MOM0/BBANDS0.07/ADX40/,0,0,0,0,1,0,0.2,0.2
RSI30/MOM0/BBANDS0.07/ADX45/,0,0,0,0,1,0,0.2,0.2
RSI30/MOM0/BBANDS0.07/ADX50/,0,0,0,0,1,0,0.2,0.2
RSI30/MOM0/BBANDS0.06/,0,0,0,0,1,0,0.2,0.2
RSI30/BBANDS0.07/ADX30/,0,0,0,0,1,0,0.2,0.2
RSI30/BBANDS0.07/ADX35/,0,0,0,0,1,0,0.2,0.2
RSI30/BBANDS0.07/ADX40/,0,0,0,0,1,0,0.2,0.2
RSI30/BBANDS0.07/ADX45/,0,0,0,0,1,0,0.2,0.2
RSI30/BBANDS0.07/ADX50/,0,0,0,0,1,0,0.2,0.2
RSI30/MOM0/MACD0/BOP0.05/ADX30/,0,0,0,0,1,0,0.2,0.2
RSI30/MOM0/MACD0/BOP0.05/ADX35/,0,0,0,0,1,0,0.2,0.2
RSI30/MOM0/MACD0/BOP0.05/ADX40/,1,0,0,0,1,0,0.4,0.4
RSI30/MOM0/MACD0/BOP0.05/ADX45/,1,0,0,0,1,0,0.4,0.6
RSI30/MOM0/MACD0/BOP0.05/ADX50/,1,0.3333,0,0,1,0,0.4667,0.8
RSI30/MACD0/BOP0.05/ADX30/,0,0,0,0,1,0,0.2,0.2
RSI30/MACD0/BOP0.05/ADX35/,0,0,0,0,1,0,0.2,0.2
RSI30/MACD0/BOP0.05/ADX40/,1,0,0,0,1,0,0.4,0.4
RSI30/MACD0/BOP0.05/ADX45/,1,0,0,0,1,0,0.4,0.6
RSI30/MACD0/BOP0.05/ADX50/,1,0.3333,0,0,1,0,0.4667,0.8
RSI30/MOM0/BOP0.05/ADX30/,0,0,0,0,1,0,0.2,0.2
RSI30/MOM0/BOP0.05/ADX35/,0,0,0,0,1,0,0.2,0.2
RSI30/MOM0/BOP0.05/ADX40/,1,0,0,0,1,0,0.4,0.4
RSI30/MOM0/BOP0.05/ADX45/,1,0,0,0,1,0,0.4,0.6
RSI30/MOM0/BOP0.05/ADX50/,1,0.3333,0,0,1,0,0.4667,0.8
RSI30/BOP0.05/ADX30/,0,0,0,0,1,0,0.2,0.2
RSI30/BOP0.05/ADX35/,0,0,0,0,1,0,0.2,0.2
RSI30/BOP0.05/ADX40/,1,0,0,0,1,0,0.4,0.4
RSI30/BOP0.05/ADX45/,1,0,0,0,1,0,0.4,0.6
RSI30/BOP0.05/ADX50/,1,0.3333,0,0,1,0,0.4667,0.8
RSI30/MOM0/MACD0/ADX30/,0,0,0,0,1,0,0.2,0.2
RSI30/MOM0/MACD0/ADX35/,0,0,0,0,1,0,0.2,0.2
RSI30/MOM0/MACD0/ADX40/,1,0,0,0,1,0,0.4,0.4
RSI30/MOM0/MACD0/ADX45/,1,0,0,0,1,0,0.4,0.6
RSI30/MOM0/MACD0/ADX50/,1,0.3333,0,0,1,0,0.4667,0.8
RSI30/MACD0/ADX30/,0,0,0,0,1,0,0.2,0.2
RSI30/MACD0/ADX35/,0,0,0,0,1,0,0.2,0.2
RSI30/MACD0/ADX40/,1,0,0,0,1,0,0.4,0.4
RSI30/MACD0/ADX45/,1,0,0,0,1,0,0.4,0.6
RSI30/MACD0/ADX50/,1,0.3333,0,0,1,0,0.4667,0.8
RSI30/MOM0/ADX30/,0,0,0,0,1,0,0.2,0.2
RSI30/MOM0/ADX35/,0,0,0,0,1,0,0.2,0.2
RSI30/MOM0/ADX40/,1,0,0,0,1,0,0.4,0.4
RSI30/MOM0/ADX45/,1,0,0,0,1,0,0.4,0.6
RSI30/MOM0/ADX50/,1,0.3333,0,0,1,0,0.4667,0.8
RSI30/ADX30/,0,0,0,0,1,0,0.2,0.2
RSI30/ADX35/,0,0,0,0,1,0,0.2,0.2
RSI30/ADX40/,1,0,0,0,1,0,0.4,0.4
RSI30/ADX45/,1,0,0,0,1,0,0.4,0.6
RSI30/ADX50/,1,0.3333,0,0,1,0,0.4667,0.8
RSI30/MOM0/MACD0/BOP0.05/BBANDS0.07/,0,0,0,0,1,0,0.2,0.2
RSI30/MACD0/BOP0.05/BBANDS0.07/,0,0,0,0,1,0,0.2,0.2
RSI30/MOM0/BOP0.05/BBANDS0.07/,0,0,0,0,1,0,0.2,0.2
RSI30/BOP0.05/BBANDS0.07/,0,0,0,0,1,0,0.2,0.2
RSI30/MOM0/MACD0/BBANDS0.07/,0,0,0,0,1,0,0.2,0.2
RSI30/MOM0/BBANDS0.07/,0,0,0,0,1,0,0.2,0.2
RSI45/MOM0/MACD-2/,1,0,0,0,0,0,0.2,0.2
RSI45/MOM0/MACD-3/,1,0,0,0,0,0,0.2,0.2
RSI45/MACD-2/,1,0,0,0,0,0,0.2,0.2
RSI45/MACD-3/,1,0,0,0,0,0,0.2,0.2
RSI50/MOM0/MACD0/BOP0.05/BBANDS0.02/,0,0,0,0,1,0,0.2,0.2
RSI50/MOM0/BOP0.05/BBANDS0.02/,0,0,0,0,1,0,0.2,0.2
RSI50/MOM0/MACD0/BBANDS0.02/,0,0,0,0,1,0,0.2,0.2
RSI50/MOM0/BBANDS0.02/,0,0,0,0,1,0,0.2,0.2
RSI40/MOM0/MACD-1/ADX30/,1,0.5,0,0,0,0,0.3,0.4
RSI40/MOM0/MACD-1/ADX35/,1,0.5,0,0,0,0,0.3,0.4
RSI40/MACD-1/ADX30/,1,0.5,0,0,0,0,0.3,0.4
RSI40/MACD-1/ADX35/,1,0.5,0,0,0,0,0.3,0.4
RSI30/MOM0/MACD0/BOP0.03/ADX50/,1,0.3333,0,0,0,0,0.2667,0.6
RSI30/MACD0/BOP0.03/ADX50/,1,0.3333,0,0,0,0,0.2667,0.6
RSI30/MOM0/BOP0.03/ADX50/,1,0.3333,0,0,0,0,0.2667,0.6
RSI30/BOP0.03/ADX50/,1,0.3333,0,0,0,0,0.2667,0.6
RSI30/MOM0/MACD-1/ADX50/,0,0.3333,0,0,0,0,0.0667,0.2
RSI30/MACD-1/ADX50/,0,0.3333,0,0,0,0,0.0667,0.2
RSI60/MOM0/BBANDS0.03/,1,1,0,0,0,0,0.4,0.4
RSI40/MOM0/MACD0/BOP0.05/BBANDS0.06/,0,1,0,0,0,0,0.2,0.2
RSI40/MOM0/BOP0.05/BBANDS0.06/,0,1,0,0,0,0,0.2,0.2
RSI40/MOM0/MACD0/BBANDS0.06/,0,1,0,0,0,0,0.2,0.2
RSI40/MOM0/BBANDS0.06/,0,1,0,0,0,0,0.2,0.2
RSI30/MOM0/MACD0/BOP0.03/ADX35/,0,0,0,0,0,0,0,0
RSI30/MOM0/MACD0/BOP0.03/ADX40/,1,0,0,0,0,0,0.2,0.2
RSI30/MOM0/MACD0/BOP0.03/ADX45/,1,0,0,0,0,0,0.2,0.4
RSI30/MACD0/BOP0.03/ADX35/,0,0,0,0,0,0,0,0
RSI30/MACD0/BOP0.03/ADX40/,1,0,0,0,0,0,0.2,0.2
RSI30/MACD0/BOP0.03/ADX45/,1,0,0,0,0,0,0.2,0.4
RSI30/MOM0/BOP0.03/ADX35/,0,0,0,0,0,0,0,0
RSI30/MOM0/BOP0.03/ADX40/,1,0,0,0,0,0,0.2,0.2
RSI30/MOM0/BOP0.03/ADX45/,1,0,0,0,0,0,0.2,0.4
RSI30/BOP0.03/ADX35/,0,0,0,0,0,0,0,0
RSI30/BOP0.03/ADX40/,1,0,0,0,0,0,0.2,0.2
RSI30/BOP0.03/ADX45/,1,0,0,0,0,0,0.2,0.4
RSI30/MOM0/MACD-1/ADX35/,0,0,0,0,0,0,0,0
RSI30/MOM0/MACD-1/ADX40/,0,0,0,0,0,0,0,0
RSI30/MOM0/MACD-1/ADX45/,0,0,0,0,0,0,0,0
RSI30/MACD-1/ADX35/,0,0,0,0,0,0,0,0
RSI30/MACD-1/ADX40/,0,0,0,0,0,0,0,0
RSI30/MACD-1/ADX45/,0,0,0,0,0,0,0,0
RSI35/MOM0/MACD0/BOP0.05/BBANDS0.07/ADX35/,0,0,0,0,0,0,0,0
RSI35/MOM0/MACD0/BOP0.05/BBANDS0.06/,0,0,0,0,0,0,0,0
RSI35/MOM0/MACD0/BOP0.05/BBANDS0.05/,0,0,0,0,0,0,0,0
RSI35/MACD0/BOP0.05/BBANDS0.07/ADX35/,0,0,0,0,0,0,0,0
RSI35/MACD0/BOP0.05/BBANDS0.06/,0,0,0,0,0,0,0,0
RSI35/MACD0/BOP0.05/BBANDS0.05/,0,0,0,0,0,0,0,0
RSI35/MOM0/BOP0.05/BBANDS0.07/ADX35/,0,0,0,0,0,0,0,0
RSI35/MOM0/BOP0.05/BBANDS0.06/,0,0,0,0,0,0,0,0
RSI35/MOM0/BOP0.05/BBANDS0.05/,0,0,0,0,0,0,0,0
RSI35/BOP0.05/BBANDS0.07/ADX35/,0,0,0,0,0,0,0,0
RSI35/BOP0.05/BBANDS0.06/,0,0,0,0,0,0,0,0
RSI35/BOP0.05/BBANDS0.05/,0,0,0,0,0,0,0,0
RSI35/MOM0/MACD0/BBANDS0.07/ADX35/,0,0,0,0,0,0,0,0
RSI35/MOM0/MACD0/BBANDS0.06/,0,0,0,0,0,0,0,0
RSI35/MOM0/MACD0/BBANDS0.05/,0,0,0,0,0,0,0,0
RSI35/MACD0/BBANDS0.07/ADX35/,0,0,0,0,0,0,0,0
RSI35/MOM0/BBANDS0.07/ADX35/,0,0,0,0,0,0,0,0
RSI35/MOM0/BBANDS0.06/,0,0,0,0,0,0,0,0
RSI35/MOM0/BBANDS0.05/,0,0,0,0,0,0,0,0
RSI35/BBANDS0.07/ADX35/,0,0,0,0,0,0,0,0
RSI30/MOM0/MACD0/BOP0.03/ADX25/,0,0,0,0,0,0,0,0
RSI30/MOM0/MACD0/BOP0.03/ADX30/,0,0,0,0,0,0,0,0
RSI30/MACD0/BOP0.03/ADX25/,0,0,0,0,0,0,0,0
RSI30/MACD0/BOP0.03/ADX30/,0,0,0,0,0,0,0,0
RSI30/MOM0/BOP0.03/ADX25/,0,0,0,0,0,0,0,0
RSI30/MOM0/BOP0.03/ADX30/,0,0,0,0,0,0,0,0
RSI30/BOP0.03/ADX25/,0,0,0,0,0,0,0,0
RSI30/BOP0.03/ADX30/,0,0,0,0,0,0,0,0
RSI30/MOM0/MACD-1/ADX25/,0,0,0,0,0,0,0,0
RSI30/MOM0/MACD-1/ADX30/,0,0,0,0,0,0,0,0
RSI30/MACD-1/ADX25/,0,0,0,0,0,0,0,0
RSI30/MACD-1/ADX30/,0,0,0,0,0,0,0,0
RSI30/MOM0/MACD0/BOP0.05/ADX25/,0,0,0,0,0,0,0,0
RSI30/MACD0/BOP0.05/ADX25/,0,0,0,0,0,0,0,0
RSI30/MOM0/BOP0.05/ADX25/,0,0,0,0,0,0,0,0
RSI30/BOP0.05/ADX25/,0,0,0,0,0,0,0,0
RSI30/MOM0/MACD0/ADX25/,0,0,0,0,0,0,0,0
RSI30/MACD0/ADX25/,0,0,0,0,0,0,0,0
RSI30/MOM0/ADX25/,0,0,0,0,0,0,0,0
RSI30/ADX25/,0,0,0,0,0,0,0,0
RSI40/MOM0/MACD-2/,1,1,0,0,0,0,0.4,0.4
RSI40/MOM0/MACD-3/,0,1,0,0,0,0,0.2,0.2
RSI40/MACD-2/,1,1,0,0,0,0,0.4,0.4
RSI40/MACD-3/,0,1,0,0,0,0,0.2,0.2
RSI50/MOM0/MACD-1/ADX20/,1,0,0,0,0,0,0.2,0.2
RSI50/MOM0/MACD-1/ADX25/,1,0,0,0,0,0,0.2,0.2
RSI50/MACD-1/ADX20/,1,0,0,0,0,0,0.2,0.2
RSI50/MACD-1/ADX25/,1,0,0,0,0,0,0.2,0.2
RSI45/MOM0/MACD-1/ADX25/,1,0,0,0,0,0,0.2,0.2
RSI45/MOM0/MACD-1/ADX30/,1,0,0,0,0,0,0.2,0.2
RSI45/MACD-1/ADX25/,1,0,0,0,0,0,0.2,0.2
RSI45/MACD-1/ADX30/,1,0,0,0,0,0,0.2,0.2
RSI45/MOM0/MACD0/BOP0.05/BBANDS0.02/,1,0,0,0,0,0,0.2,0.2
RSI45/MACD0/BOP0.05/BBANDS0.02/,1,0,0,0,0,0,0.2,0.2
RSI45/MOM0/BOP0.05/BBANDS0.02/,1,0,0,0,0,0,0.2,0.2
RSI45/BOP0.05/BBANDS0.02/,1,0,0,0,0,0,0.2,0.2
RSI45/MOM0/MACD0/BBANDS0.02/,1,0,0,0,0,0,0.2,0.2
RSI45/MOM0/BBANDS0.02/,1,0,0,0,0,0,0.2,0.2
RSI60/MACD0/BBANDS0.02/,1,0,0,0,0,0,0.2,0.2
RSI60/MOM0/BOP0.05/BBANDS0.07/ADX20/,1,0,0,0,0,0,0.2,0.2
RSI60/MOM0/BOP0.05/BBANDS0.03/,1,0,0,0,0,0,0.2,0.2
RSI60/MOM0/BBANDS0.07/ADX20/,1,0,0,0,0,0,0.2,0.2
RSI60/MOM0/BOP0.05/ADX20/,1,0,0,0,0,0,0.2,0.4
RSI60/MOM0/ADX20/,1,0,0,0,0,0,0.2,0.4
RSI60/MOM0/BOP0.03/ADX25/,0.5,0,0,0,0,0,0.1,0.2
RSI40/MOM0/MACD-1/ADX25/,1,0,0,0,0,0,0.2,0.2
RSI40/MACD-1/ADX25/,1,0,0,0,0,0,0.2,0.2
RSI55/MOM0/BOP0.05/BBANDS0.04/,0,0,0,0,0,0,0,0
RSI55/MOM0/BBANDS0.04/,0,0,0,0,0,0,0,0
RSI60/MOM0/MACD0/BOP0.03/ADX20/,1,0,0,0,0,0,0.2,0.2
RSI60/MOM0/MACD0/BOP0.03/ADX25/,1,0,0,0,0,0,0.2,0.2
RSI60/MOM0/BOP0.03/ADX20/,1,0,0,0,0,0,0.2,0.2
RSI60/MOM0/MACD0/BOP0.05/ADX20/,1,0,0,0,0,0,0.2,0.2
RSI60/MOM0/MACD0/ADX20/,1,0,0,0,0,0,0.2,0.2
